Sample,Acetanaerobacterium,Acetatifactor,Acetivibrio,Acetobacteroides,Acholeplasma,Achromobacter,Acidaminococcus,Acidovorax,Acinetobacter,Actinobacillus,Actinomyces,Actinomycetospora,Actinotignum,Adlercreutzia,Advenella,Aeromicrobium,Aeromonas,Aestuariispira,Aggregicoccus,Agromyces,Akkermansia,Alcanivorax,Alishewanella,Alistipes,Allisonella,Allobaculum,Alloprevotella,Anaerobacterium,Anaerocella,Anaerococcus,Anaerofilum,Anaerofustis,Anaeroplasma,Anaerostipes,Anaerotruncus,Anaerovibrio,Anaerovorax,Anoxybacillus,Aquabacterium,Aquicella,Arcobacter,Armatimonadetes_gp2,Armatimonadetes_gp5,Arthrobacter,Atopobium,Atopostipes,Aureimonas,Bacillus,Bacteroides,Barnesiella,Bdellovibrio,Bibersteinia,Bifidobacterium,Bilophila,Blastocatella,Blastococcus,Blautia,Bosea,Brachybacterium,Brachymonas,Bradyrhizobium,Brevibacillus,Brevibacterium,Brevinema,Brevundimonas,Brucella,Brumimicrobium,Bulleidia,Burkholderia,Butyricicoccus,Butyricimonas,Butyrivibrio,Campylobacter,Candidatus_Endomicrobium,Catonella,Caulobacter,Cellulosilyticum,Cellvibrio,Centipeda,Chelativorans,Chlamydophila,Christensenella,Chryseobacterium,Chryseolinea,Cloacibacillus,Clostridium_III,Clostridium_IV,Clostridium_XI,Clostridium_XVIII,Clostridium_XlVa,Clostridium_XlVb,Clostridium_sensu_stricto,Collinsella,Comamonas,Coprobacillus,Coprobacter,Coprococcus,Corynebacterium,Cupriavidus,Curvibacter,Defluviitalea,Deinococcus,Delftia,Denitrobacterium,Desulfobulbus,Desulfomicrobium,Desulfotomaculum,Desulfovibrio,Devosia,Dialister,Dietzia,Domibacillus,Dyella,Eggerthella,Eikenella,Elusimicrobium,Empedobacter,Enhydrobacter,Enterococcus,Erysipelothrix,Erythrobacter,Escherichia,Ethanoligenens,Eubacterium,Exiguobacterium,Faecalibacterium,Faecalicoccus,Faecalitalea,Fibrobacter,Flavitalea,Flavobacterium,Flavonifractor,Fluviicola,Fretibacterium,Fusicatenibacter,Fusobacterium,Gaiella,Gemella,Gemmatimonas,Gemmiger,Gemmobacter,Globicatella,Gordonibacter,Gp16,Gp2,Gp6,Gp7,GpI,GpIIa,Granulicatella,Guggenheimella,Haemophilus,Helicobacter,Herbaspirillum,Holdemania,Howardella,Hydrogenoanaerobacterium,Hydrogenophaga,Hydrotalea,Hymenobacter,Ignatzschineria,Intestinimonas,Jeotgalibaca,Kandleria,Klebsiella,Knoellia,Labilithrix,Lachnoanaerobaculum,Lachnobacterium,Lachnospira,Lachnospiracea_incertae_sedis,Lactobacillus,Lactococcus,Lactonifactor,Lawsonia,Leadbetterella,Leifsonia,Leptotrichia,Leucobacter,Limnobacter,Lysinibacillus,Lysobacter,Macromonas,Mannheimia,Marinospirillum,Massilia,Megamonas,Megasphaera,Mesorhizobium,Methylobacterium,Methylophilus,Microbacterium,Micromonospora,Mitsuokella,Mogibacterium,Moheibacter,Moraxella,Moryella,Mucilaginibacter,Mycobacterium,Mycoplasma,Myroides,Neisseria,Nesterenkonia,Nitrolancea,Nocardioides,Nocardiopsis,Novosphingobium,Nubsella,Oceanobacillus,Odoribacter,Ohtaekwangia,Oligosphaera,Olivibacter,Olsenella,Oribacterium,Oscillibacter,Paenalcaligenes,Paenibacillus,Paludibacter,Pandoraea,Parabacteroides,Paracoccus,Paraprevotella,Parasegetibacter,Parasutterella,Parcubacteria,Parvibacter,Parvimonas,Pedobacter,Pedomicrobium,Pelomonas,Peptococcus,Peptostreptococcus,Peredibacter,Petrimonas,Phascolarctobacterium,Phenylobacterium,Planomicrobium,Porphyromonas,Prevotella,Propionibacterium,Proteiniclasticum,Proteiniphilum,Providencia,Pseudobutyrivibrio,Pseudoflavonifractor,Pseudomonas,Pseudonocardia,Pseudoramibacter,Pseudoscardovia,Pseudoxanthomonas,Psychrobacter,Pyramidobacter,Ralstonia,Rheinheimera,Rhizobacter,Rhizobium,Rhodobacter,Rhodococcus,Rhodocytophaga,Rhodoferax,Rhodoluna,Romboutsia,Roseburia,Roseimicrobium,Roseomonas,Rothia,Rubellimicrobium,Ruminobacter,Ruminococcus,Ruminococcus2,SR1,Saccharibacteria,Saccharofermentans,Saccharopolyspora,Schwartzia,Sediminibacterium,Selenomonas,Senegalimassilia,Serratia,Sharpea,Shewanella,Skermanella,Slackia,Solibacillus,Solimonas,Soonwooa,Spartobacteria,Sphaerochaeta,Sphingobacterium,Sphingobium,Sphingomonas,Sphingopyxis,Sphingorhabdus,Spirochaeta,Sporobacter,Sporosarcina,Staphylococcus,Stenotrophomonas,Stomatobaculum,Streptococcus,Streptomyces,Succiniclasticum,Succinimonas,Succinivibrio,Sulfurospirillum,Suttonella,Synergistes,Syntrophococcus,Syntrophomonas,Tahibacter,Taibaiella,Taonella,Thauera,Thermicanus,Thermoactinomyces,Thiopseudomonas,Tissierella,Treponema,Trichococcus,Turicibacter,Unclassified,Undibacterium,Ureaplasma,Vagococcus,Vampirovibrio,Variovorax,Veillonella,Vibrio,Vibrionimonas,Victivallis,Vitreoscilla,WPS_2,Wandonia,Williamsia,Yersinia,Yimella
E1,0,0,0.003203,0,0,0.009608,0,0.006405,0.147325,0,0,0,0.003203,0.01121,0,0,0,0,0,0.001601,0.003203,0,0,0,0,0.001601,0,0,0,0,0.048041,0,0,0,0,0,0.014412,0,0.040034,0,0,0,0,0.001601,0.07046,0,0,0.006405,0.041635,0.008007,0.003203,0.004804,1.992089,0,0,0,0.241805,0,0,0,0.025622,0,0,0,0.02402,0.003203,0.006405,0.092879,0.113696,0,0,0.176149,0.076865,0,0.003203,0.004804,0.009608,0,0,0,0.030426,0,0.020818,0,0,0,0.017615,0.05925,0.001601,0.072061,0.030426,0.027223,0,0.020818,0,0,0.040034,0,0,0.09448,0,0,0.028824,0.057649,0.008007,0,0,0.025622,0,0,0,0,0,0,0,4.730411,0,0,0.001601,0.004804,0,0.014412,0,0.93199,0,0.001601,0.019216,0,0,0,0.027223,0,0,0.041635,0.003203,0,0,0.048041,0,0,0,0,0.004804,0,0,0,0,0.081669,0,0.02402,0.009608,0.020818,0,0.001601,0.152129,0,0,0,0,0.008007,0,0.144122,0,0.02402,0.006405,0,0,0.041635,0,0,0.049642,0.001601,0,0,0,0,0.006405,0.001601,0,0,0,0.003203,0,0,0,0.017615,0,0.003203,0,0.008007,0.008007,0,0,0,1.905616,0,0,0.004804,0,0,4.243599,0,0.001601,0,0,0,0,0.017615,0,0,0,0,0.033629,0.003203,0.060852,0,0.019216,0,0,0,0,0.003203,0,0.003203,0,0,0,0.017615,0,0,0,0.01121,0,0,0,0,0,0.012811,0,0.022419,0.465995,0,0,0,0.004804,0.93199,0,0.064054,0,0,0,0,0.020818,0.028824,0.006405,0,0.006405,0.02402,0,0.030426,0,0,0,0.192163,0,0,0,0.008007,0,0.051243,17.253031,0.049642,0.001601,6.102775,3.029769,0,0,0.022419,0,0.115298,0,0,0,0,0.01121,0,0,0,0,0.009608,0,0.004804,0.030426,0,0,0,0,0,0.003203,0.001601,0,1.715054,0,0.557273,0.036831,0.004804,0,0,0.017615,0.62453,0,0,0,0,0,0,0,0,0.003203,0.02402,0,0.073662,37.736,0.01121,13.635563,0,0.091277,0,0.003203,0,0.019216,0.441975,0,0,0,0,0,0
E2,0,0,0.002075,0.002075,0.00415,0,0,0,0.002075,0,0.00415,0,0,0.002075,0,0,0,0,0,0,0.002075,0,0,0.002075,0,0,0,0,0,0,0.076778,0.006225,0.0083,0,0,0.043577,0,0,0,0,0,0.006225,0,0,0.288436,0,0,0,0.429541,0.161856,0,0,1.411052,0,0,0.002075,0.064327,0,0,0.006225,0,0,0,0,0.002075,0,0,0,0.006225,0,0,0.228258,0.195057,0,0.00415,0,0,0,0.006225,0,0.00415,0,0,0,0,0,0.089228,0.00415,0,0.377664,0.201282,0,0.002075,0,0,0,0.085078,0,0,0,0,0,0.00415,0,0,0,0,1.137142,0.002075,0,0,0,0,0,0.002075,1.120541,0,0,0,0,0,0,0.010375,0.672325,0,0.002075,0,0,0.166006,0,0.00415,0,0,0.070553,0,0.01245,0,0,0,0.002075,0,0,0,0,0,0,0,0.093378,0,0,0,0,0,0,0.058102,0,0,0,0,0,0,0.730427,0,0.00415,0,0,0,0,0,0,0.039426,0.074703,0,0,0,0,0,0,0,0,0,0,0,0,0,0,0,0,0,0.002075,0.002075,0,0,0,0.504244,0,0,0.116204,0,0,0.002075,0,0,0,0,0,0,0.002075,0.002075,0,0,0,0.101679,0.0083,0.056027,0,0.141105,0,0,0,0,0.002075,0,0.151481,0,0,0,0,0,0,0,0,0,0,0,0,0,0,0,0,12.674566,0,0,0,0,0.087153,0,0.00415,0,0,0,0,0.002075,0.132805,0,0,0,0.002075,0,0.002075,0,0,0,0.045652,0.00415,0,0.002075,0,0,0.722127,28.02598,0.0083,0.010375,2.930008,1.633085,0,0,0,0.060177,0,0.00415,0,0,0,0.00415,0,0,0,0,0.070553,0,0,0,0,0,0,0,0,0,0,0.643274,0.002075,0,5.212592,0,0.006225,0,0,0.00415,0.109979,0.006225,0,0,0,0,0,0,0,0,2.085452,0,0.006225,34.97956,0,1.384076,0,0.066402,0,0,0,0,0.037351,0,0,0,0.002075,0,0
E3,0,0,0,0,0.05401,0.006751,0,0.008439,0.719012,0,0,0,0,0,0,0,0,0,0,0.030381,0,0,0,0,0,0,0,0,0,0,0,0,0,0,0,0,0,0,0.352755,0,0,0,0,0,0.313935,0,0,0,0.106333,0.018566,0,0,1.7739,0,0,0,0.173846,0,0,0,0.042196,0,0,0,0.153592,0,0,0,0.506346,0.05401,0,0.057386,38.283149,0,0,0.008439,0,0,0,0,0.18566,0,0.023629,0,0,0,0.001688,0.268363,0,0.158655,6.953821,0.057386,0,0.084391,0,0,0,0,0,0.283554,0,0.033756,0.222792,0,0,0,0,0.052322,0,0,0,0,0,0,0,0.688631,0,0.011815,0,0,0,0.006751,0,0.415204,0,0,0,0.001688,0.001688,0,0.11646,0,0.008439,0,0,0,0,0,0,0.001688,0,0,0,0,0,0,0,0,0,0,0,0.001688,0.05401,0.01519,0.01519,0,0,0,0,0,0,0.18566,0,0.013503,0.006751,0,0,0,0,0,0.006751,0.067513,0,0.011815,0.450648,0,0.006751,0,0,0,0.008439,0,0,0,0,0.035444,0,0,0,0.001688,0.072576,0.025317,0,0,1.407642,0,0,0,0,0,0,0,0,0,0,0,0,0.221105,0,0,0,0,0,0,0.405077,0,0.008439,0,0,0,0,0,0,0.057386,0,0,0,0,0,0,0,0.01519,0,0,0.011815,0,0.064137,0.050635,0,0,0.359506,0,0,0,0,0.074264,0,0.151904,0,0,0,0,0,0.057386,0.011815,0,0,0,0,0.084391,0,0,0,12.663719,0.01519,0,0,0,0,0.09283,9.387659,0.065825,0,0.553605,0.13165,0,0,0.182285,0,0.072576,0.148528,0.005063,0,0,0,0,0,0,0,0,0,0.001688,0.307183,0,0,0,0,0,0.008439,0,0.052322,0.001688,0,0.021942,0,0,0,0,0,0.320686,0,0,0,0,0,0,0,0,0,0.027005,0,0.271739,17.144883,0.344315,1.478531,0,0.268363,0.03882,0.001688,0,0.163719,0.027005,0,0,0,0,0,0
E4,0,0,0,0,0,0.001645,0,0.00329,0.093775,0,0.006581,0,0,0.004936,0,0,0,0.001645,0,0.001645,0.001645,0,0,0,0.001645,0,0,0,0,0,0.169452,0,0,0,0,0,0,0,0.027968,0,0,0,0,0.011516,0.200711,0,0,0,0.013161,0,0,0,1.706041,0,0,0,0.574164,0,0,0,0.004936,0,0,0,0.026323,0,0,0.004936,0.085549,0.009871,0,0.088839,0,0,0,0.014807,0,0,0.001645,0,0,0,0,0,0,0,0.118452,0.19413,0,0.011516,0.008226,0.120097,0,0.008226,0,0,0.121743,0,0,0.023032,0,0,0.009871,0.082258,0,0,0,0.049355,0,0,0,0,0,0.016452,0.00329,10.923927,0,0.016452,0,0,0,0.217162,0,1.126941,0,0.008226,0,0,0.006581,0,0,0,0,0.19413,0,0,0,0,0,0,0.00329,0,0.001645,0,0,0,0,0.09213,0,0,0,0,0,0,0.029613,0,0,0,0,0,0,0.024678,0,0,0.006581,0.006581,0,0.009871,0,0,0,0.004936,0,0.023032,0,0,0.001645,0,0,0,0.004936,0,0,0,0,0.00329,0,0,0,0.009871,0.008226,0.008226,0,0,0.755133,0,0,0.250066,0,0,0,0,0,0.00329,0,0,0,0.021387,0,0,0,0,0.051,0.011516,0.14313,0,0.014807,0,0,0,0,0,0.00329,0,0,0,0,0.004936,0.00329,0,0,0.013161,0,0,0,0,0.001645,0.024678,0,0,0.417873,0,0,0,0,0.717294,0,0.024678,0,0,0,0,0.023032,0.014807,0.00329,0,0.008226,0.014807,0,0.016452,0,0,0,0.72881,0,0,0,0.001645,0,0.00329,15.997631,0.136549,0,17.981706,3.635825,0,0,0.016452,0.001645,0.059226,0.001645,0.001645,0,0,0.006581,0,0,0,0,0,0.001645,0.001645,0.031258,0,0,0,0,0,0.00329,0,0.00329,0.006581,0,0.125033,0,0.008226,0,0,0.006581,0.424454,0,0,0,0,0,0,0,0,0,0.014807,0,0.126678,32.483877,0.026323,8.344301,0,0.097065,0.001645,0,0,0.037839,0.58568,0,0,0,0,0,0
E5,0,0,0,0.011357,0.014602,0.009734,0.00649,0.00649,0.082743,0.014602,0.014602,0,0,0,0,0,0,0.021091,0,0.025958,0.042182,0,0,0.012979,0,0,0,0,0,0,0.027581,0,0.014602,0.004867,0,0.133037,0,0.003245,0.03407,0,0,0,0,0.021091,0.193066,0.004867,0,0.008112,0.261207,0.285543,0,0,3.058228,0,0,0.003245,0.077875,0,0,0.008112,0.022714,0,0,0,0.008112,0,0,0.035693,0.116813,0,0,0.279053,15.385239,0,0.019469,0.004867,0,0,0.048672,0,0.098967,0,0,0,0,0.008112,0.068141,0.272564,0,0.12168,0.024336,0.363418,0,0.008112,0,0,0.08761,0.008112,0,0.055162,0,0.003245,0.045427,0.027581,0.021091,0,0,0.387754,0,0.001622,0,0,0,0,0,4.158217,0,0.038938,0,0.003245,0,0.105456,0.003245,0.601911,0,0.017846,0,0.004867,0.624625,0,0.017846,0.00649,0,0.413713,0,0.012979,0,0,0,0,0,0,0.008112,0,0,0,0,0.113568,0,0,0,0,0.016224,0.045427,0.032448,0,0,0,0,0,0,0.04705,0,0.152506,0.004867,0.004867,0,0,0,0,0.089232,0.012979,0,0.069763,0,0,0.003245,0,0,0,0,0,0.001622,0,0,0.037315,0,0.03407,0.011357,0.00649,0.016224,0,0,0.012979,0.713857,0,0,0.558106,0,0.004867,0,0,0,0.004867,0,0,0,0.043805,0,0,0,0,0.04056,0.025958,0.043805,0,0.056784,0,0,0,0,0,0,0.003245,0,0,0,0,0,0,0.012979,0.009734,0.001622,0,0,0,0.029203,0.012979,0,0,3.695832,0.008112,0,0,0,0.102211,0.008112,0.021091,0,0.008112,0,0,0.029203,0.079498,0,0,0.003245,0,0,0.025958,0,0,0,0.454273,0.011357,0,0,0,0,2.281097,32.48698,0.126547,0.003245,1.685676,0.436426,0,0.042182,0.025958,0.155751,0,0.00649,0.111946,0,0,0.012979,0,0,0,0,0.058406,0.003245,0.001622,0.043805,0,0,0,0,0,0.001622,0.00649,0,0.038938,0,4.445382,0.004867,0.851761,0,0,0.011357,0.280676,0,0,0,0,0,0.011357,0,0,0,0.502945,0,0.253095,20.927365,0.014602,0.009734,0,0.434804,0,0,0,0.016224,0.042182,0,0,0,0,0,0
E6,0,0.001573,0,0,0,0.059757,0,0.105361,1.124373,0,0,0,0,0,0,0.014153,0.034596,0,0,0.007863,0.001573,0,0,0.031451,0,0.015725,0,0,0,0,0.042459,0,0,0,0,0.070765,0,0.003145,0.130522,0,0,0,0,0.00629,0.036169,0,0,0.058184,0.105361,0.053467,0,0,0.028306,0.001573,0.004718,0,0,0.029878,0,0,0.066047,0,0,0,0.16669,0.003145,0,0.028306,1.085059,0.011008,0,0.144675,3.472189,0,0,0.139957,0,0,0,0,0,0,0.149392,0,4.178264,0,0.003145,0.014153,0,0.084918,5.761822,0.083345,0.001573,0.179271,0,0,0.028306,0,0,0.1604,0,0,0.441886,0,0,0,0,0.001573,0.025161,0,0,0,0,0.004718,0,0.066047,0,0,0.023588,0,0,0.018871,0,0.724945,0,0,0.00629,0.045604,0.017298,0,0.055039,0,0,0,0.001573,0,0,0,0,0.001573,0,0,0,0,0,0,0,0,0,0,0,0.001573,0,0.017298,0.674624,0,0,0,0,0,0,0.011008,0,0,0,0,0.084918,0,0,0,0.075482,0.045604,0,0,0,0,0,0.004718,0,0,0,0.00629,0,0,0,0.001573,0.004718,0.003145,0,0.100643,0.077055,0,0,0,0.665188,0,0,0,0,0,0.009435,0,0,0,0,0,0,0.168263,0,0,0,0,0.025161,0.062902,0.168263,0,0.009435,0,0,0,0,0.01258,0.020443,0.004718,0,0,0,0,0,0,0,0.055039,0,0,0,0,0.011008,0.143102,0,0,1.726659,0,0,0,0,0,0,0.265761,0,0,0,0,0.064475,0,0,0,0.00629,0.020443,0,0.136812,0,0,0,0.128949,0,0,0.009435,0,0.00629,0.033024,4.61386,0,0,0.047176,0.39471,0,0,0.264188,0.044031,0,0,0.179271,0,0,0,0,0,0,0,0.00629,0.124231,0.039314,0.185561,0,0,0,0,0,0,0.01258,0.01258,0.042459,0,0.047176,0,0.053467,0,0,0.496926,0.229592,0,0,0,0,0,0,0,0,0,0.235882,0.001573,0.044031,67.995471,0.099071,0.083345,0,0.287777,0,0,0,0.187133,0.24689,0,0,0,0,0,0
E7,0,0,0,0,0.003213,0,0,0.001606,0.171885,0,0,0,0.001606,0.014458,0,0,0.004819,0,0.001606,0,0.011245,0,0,0.012851,0,0,0,0.001606,0,0,0.06265,0,0,0,0,0.038554,0.012851,0,0.02249,0,0,0,0,0.001606,0.162246,0,0.001606,0,0.086746,0.114054,0,0,2.639315,0,0,0,0.019277,0,0,0.001606,0.004819,0,0,0,0.02249,0.014458,0,0.289152,0.094778,0,0,0.099597,0.077107,0,0,0.006426,0,0,0.032128,0,0.003213,0,0.028915,0,0,0.003213,0.261843,0.173491,0.004819,0.615251,0.006426,0.170278,0,0.012851,0,0,0.104416,0.012851,0,0.008032,0,0,0.02249,0.001606,0.001606,0,0,0.036947,0,0,0,0,0,0.001606,0,0.507622,0.003213,0.004819,0,0,0,6.147692,0,0.557421,0.008032,0,0,0,0.012851,0,0.016064,0,0,0.130118,0,0,0,0,0,0,0,0,0,0,0,0,0,0.001606,0,0,0,0,0,0,0.046586,0,0,0,0,0,0,0.003213,0,0,0,0.003213,0,0.028915,0,0,0.024096,0.011245,0,0.006426,0.001606,0,0,0,0.006426,0,0,0,0,0,0,0.001606,0,0,0,0.004819,0.004819,0.001606,0,0,0.58473,0.001606,0,0,0,0.003213,0.589549,0.009638,0,0.001606,0,0,0,0.056224,0,0,0,0,0.014458,0.009638,0.126906,0,0.064256,0,0,0,0,0,0.008032,0.154214,0,0,0,0.011245,0.001606,0,0,0.003213,0.003213,0,0,0,0.02249,0.016064,0,0,3.023245,0,0,0,0,0.838541,0.001606,0.014458,0,0,0,0.004819,0.17831,0.006426,0.008032,0,0.003213,0,0,0.001606,0,0.004819,0,0.872275,0,0,0,0.011245,0,0.064256,2.24896,0.006426,0.001606,10.87854,0.640954,0,0,0.008032,0.106022,0.168672,0.009638,0,0,0,0,0,0,0.009638,0,0.008032,0.011245,0,0.028915,0,0,0,0,0,0,0.006426,0.003213,0,0.009638,0.181523,0,0.173491,0,0,0.008032,0.184736,0,0,0,0,0,0,0,0,0,0.170278,0,0.187949,40.603364,0.01767,24.402821,0.004819,0.033734,0,0,0.004819,0.006426,0.123693,0.003213,0,0,0,0,0
E8,0,0,0,0,0.028859,0.003207,0,0.019239,0.303016,0,0,0,0.00481,0.022446,0,0.00481,0,0,0.001603,0.060924,0.014429,0,0,0.040081,0,0.001603,0,0,0,0,0.333478,0,0.001603,0,0,0,0.033668,0,0.049701,0,0,0,0,0.001603,0.080163,0,0,0.00962,0.169945,0.046494,0.001603,0,0.035272,0,0.001603,0.001603,0.21163,0,0,0,0.030462,0,0,0,0.027255,0,0.006413,0,0.213233,0,0,0.208424,0.056114,0,0,0.028859,0,0,0.003207,0,0,0.022446,0.125054,0,0,0,0.620461,0.169945,0,0.214837,0.00481,0.120244,0,0.012826,0,0,0.024049,0.025652,0,0.101005,0,0.022446,0.144293,0.030462,0,0,0.06894,0.092989,0,0,0.003207,0,0,0.008016,0,0.654129,0,0,0.003207,0,0.003207,0.019239,0,1.423693,0,0,0.035272,0,0.333478,0,0.084973,0,0,0.003207,0.028859,0,0,0,0,0,0,0.019239,0.025652,0,0,0,0,0,0,0,0,0.001603,0,0,0.181168,0,0,0,0,0,0,0.056114,0,0.011223,0,0,0,0,0,0.14269,0.208424,0.001603,0.012826,0.006413,5.760505,0,0,0,0,0,0.006413,0,0,0,0,0.008016,0.00481,0,0,0.036875,0.011223,0.030462,0,0,1.204047,0,0,0.00481,0,0,7.815882,0.033668,0,0,0,0,0.008016,0.028859,0,0,0,0,0.335081,0.234076,0.008016,0,0.048098,0,0,0,0,0,0.028859,0.011223,0,0,0,0.020842,0,0,0,0.008016,0,0,0,0,0.043288,0.006413,0,0,1.167172,0,0,0,0,0.224456,0.008016,0.035272,0,0,0,0,0.059321,0.00481,0.016033,0,0.008016,0.003207,0,0.017636,0,0,0,1.391628,0,0,0,0.00962,0,0.057717,2.885864,0.006413,0.00481,4.195726,1.580812,0,0,0.040081,0,0.017636,0.008016,0,0,0,0.001603,0,0,0,0,0.057717,0.048098,0.006413,0.097799,0,0.017636,0,0.014429,0,0.00481,0.006413,0.00481,0.001603,0,0.745515,0,0.003207,0,0,0.030462,0.118641,0,0,0,0,0,0,0,0,0,0.368749,0,0.311032,59.682876,0.017636,2.358392,0,0.208424,0,0,0,0.035272,1.292226,0.001603,0,0,0,0,0
E9,0,0,0,0,0.003205,0.001603,0,0.011219,0.044876,0,0,0,0.004808,0,0,0,0,0,0,0.001603,0.014424,0,0,0.012822,0,0,0.030452,0,0,0,0.064109,0,0,0,0,0.020835,0.001603,0,0.004808,0,0,0,0,0,0.075328,0,0,0.001603,0.038465,0.07693,0,0,0.520883,0,0,0,0.060903,0,0,0.004808,0.004808,0,0,0,0,0,0,0.004808,0.032054,0,0,0.560951,0.16508,0,0,0,0.003205,0,0.060903,0,0,0,0.009616,0,0,0,0.067314,0.057698,0,0.064109,0.003205,0.012822,0,0.001603,0,0,0.022438,0,0,0.009616,0,0,0.011219,0,0.003205,0,0,0.142642,0,0,0.001603,0,0,0,0,0.323749,0,0,0.001603,0,0,0.001603,0,0.419912,0,0,0.001603,0,0.009616,0,0.003205,0,0,0.528897,0,0,0,0,0,0,0,0,0.009616,0,0,0,0,0.003205,0,0,0,0,0.001603,0.001603,0.032054,0,0,0.001603,0,0,0,0.001603,0,0.001603,0,0,0,0.004808,0,0,0.097766,0,0,0.004808,0,0,0,0,0,0.008014,0,0,0,0,0,0.004808,0,0,0,0.001603,0.001603,0.003205,0,0,0.325352,0,0,0.019233,0,0,0.038465,0.001603,0.001603,0,0,0,0,0.01763,0,0,0,0,0.097766,0.006411,0.131423,0,0.032054,0,0,0,0,0.008014,0.003205,0.025643,0,0,0,0.001603,0,0,0,0.004808,0,0,0,0,0.019233,0.004808,0,0.001603,0.560951,0,0,0,0,0.07693,0,0.001603,0,0,0,0,0.004808,0.254832,0,0,0,0,0,0.006411,0,0,0,0.086547,0,0,0,0.001603,0,0.028849,4.713594,0.001603,0,0.847838,0.022438,0,0,0.006411,0.064109,0.001603,0.006411,0,0,0,0,0,0,0,0,0.001603,0.001603,0.001603,0.020835,0,0,0,0,0,0,0,0.336571,0,0,1.897618,0,2.408885,0,0,0.003205,0.174696,0,0,0,0,0,0,0,0,0,0.030452,0,0.07693,15.575216,0.003205,68.088278,0,0.049684,0,0,0,0.028849,0.169888,0,0,0,0,0,0
E10,0,0,0,0,0.001619,0,0,0,0.218613,0,0,0,0.008097,0.001619,0,0,0.02591,0.741664,0.014574,0,0.004858,0,0,0.009716,0,0,0.003239,0.001619,0.001619,0,0.497142,0,0.006477,0,0,0.003239,0.011335,0,0.017813,0,0,0,0,0.001619,0.263955,0,0,0,0.139264,0.042103,0.011335,0,3.107541,0,0,0,0.042103,0,0,0,0.027529,0,0,0,0.027529,0,0,0.239664,0.129548,0,0,0.118213,0.103639,0.011335,0,0.017813,0.001619,0,0,0,0.048581,0,0.058297,0,0,0.006477,0.887406,0.212135,0,0.103639,0.012955,0.069632,0,0.040484,0,0,0.27529,0.009716,0,0.034006,0,0,0.027529,0.004858,0.008097,0,0,0.134406,0,0,0,0,0,0,0,1.144884,0,0,0,0,0,0.003239,0,1.206419,0,0,0.006477,0,0.356258,0.003239,0.077729,0,0,0.029148,0,0.004858,0,0,0,0,0,0,0.009716,0,0,0,0,0.011335,0,0,0,0,0,0.001619,0.116594,0,0,0,0,0,0,0.066394,0,0,0,0,0,0.011335,0,0,0.068013,0.087445,0,0.012955,0,0,0.008097,0,0,0,0,0,0,0,0,0.001619,0.001619,0.006477,0,0.001619,0.001619,0,0,0.003239,2.918077,0,0,0.004858,0,0.006477,2.752903,0.006477,0,0.006477,0,0,0,0.042103,0,0.006477,0.001619,0,0.029148,0.285006,0.336826,0,0.035626,0,0,0,0,0.022671,0.02591,0.016194,0,0,0,0.017813,0,0.001619,0,0,0,0,0,0,0.004858,0.02429,0,0,2.048483,0,0,0,0,0.4016,0,0.019432,0,0,0,0,0.056677,0.017813,0.011335,0,0,0.004858,0,0.011335,0,0,0,0.257477,0,0,0,0,0,0.045342,13.636584,0.056677,0.012955,3.766619,1.227471,0.004858,0.003239,0.008097,0.006477,0.442084,0.003239,0.430748,0,0,0,0,0,0.003239,0,0.093923,0.008097,0,0.029148,0.006477,0.006477,0,0.003239,0,0,0.014574,0.003239,0.012955,0,1.080109,0,0.02591,0,0,0.092303,0.380548,0.001619,0,0,0,0,0,0,0,0,0.322252,0,0.220232,55.069389,0.027529,1.841206,0,0.158697,0,0,0.055058,0.016194,0.479329,0,0,0,0,0,0
E11,0,0,0,0,0,0.009372,0,0.068731,1.463651,0,0,0,0,0,0,0.001562,0,0,0,0.001562,0.029679,0,0,0,0,0,0,0,0,0,0.176513,0,0.001562,0,0,0,0,0,0.567028,0,0,0,0,0.192133,0.14371,0,0,0,0.121841,0.023431,0,0,2.429004,0,0,0,0,0,0,0,0.059358,0,0,0,0.174951,0,0,0.042176,0.851323,0.001562,0.003124,0.035927,2.216564,0,0,0.073417,0,0,0,0,0,0,0.288981,0,0,0,0.056234,0,0,0.034365,0.003124,0,0,0.218688,0,0.014059,0.101534,0.046862,0,0.749789,0,0,0.373333,0,0,0,0,0.062482,0,0,0,0,0,0,0,0.078103,0,0,0,0,0,52.897623,0,0.459246,0,0,0,0,0.001562,0,0.349902,0,0,0,0,0.029679,0,0,0,0,0,0,0,0,0,0,0,0.009372,0,0,0,0,0,0.009372,0.018745,0,0,0,0.021869,0,0.071855,0,0,0,0,0,0,0.003124,0,0,0,0.001562,0,0,0,0,0.051548,0.001562,0,0,0,0.085913,0,0,0,0.096848,0,0,0,0,0.042176,0,0,0.024993,0.229623,0,0,0.003124,0,0,0.126527,0.182761,0,0.190571,0,0.010934,0.004686,0.72011,0,0,0,0,0.170265,0,1.273079,0,0,0,0,0,0,0,0,0.0453,0.012496,0,0,0.059358,0,0,0,0.134337,0.001562,0,0.004686,0,0.004686,0.259302,0,0,0.076541,0,0,0,0.026555,0.015621,0,0.248368,0,0,0,0,0.087475,0,0.039052,0,0.056234,0.034365,0,0.323347,0.004686,0,0,0.014059,0,0,0,0.003124,0,0.003124,0.076541,0,0,0.510794,0.085913,0,0,0.048424,0,0.067169,0.10622,0.238995,0,0,0,0.079665,0,0.034365,0,0,0.068731,0.031241,0.313974,0,0,0,0,0,0.148396,0.099972,0,0.010934,0,0.079665,0,0.06092,0,0,0.0906,0.096848,0,0.006248,0.015621,0,0,0,0,0,0,0.043738,0,0,26.769034,0.103096,0.529539,0.028117,0.187447,0.017183,0,0.037489,0.632635,0.104658,0,0,0,0,0.017183,0
E12,0,0,0,0.018995,0.058569,0.020578,0,0.044323,0.807307,0,0,0,0,0,0.022161,0,0.02691,0,0,0.011081,0.01583,0,0,0.037991,0,0,0,0,0,0,0.01583,0,0.001583,0,0,0,0,0,0.049072,0,0.017413,0,0,0.01583,0.164627,0,0,0,0.299178,0.075982,0.003166,0,0.066484,0,0,0,0.006332,0,0,0,0.01583,0,0,0,0.055403,0.004749,0,0.001583,0.329255,0,0,0.083897,0.51446,0.011081,0,0.011081,0,0,0,0,0.028493,0,0.352999,0,0,0.028493,0.025327,0.26277,0,0.18204,0.001583,0.15513,0,0.041157,0,0.006332,0.060152,0.049072,0,0.107641,0,0,0.110807,0,0,0,0,0.041157,0,0,0.033242,0,0,0,0,0.066484,0.009498,0.071233,0,0,0,0,0,0.197869,0,0.003166,0,0.004749,0.074399,0,0.592025,0,0,0.041157,0.007915,0.001583,0.006332,0,0,0,0.011081,0,0,0,0,0,0,0.022161,0,0,0,0,0.004749,0.007915,0,0,0,0.018995,0,0,0.003166,0.004749,0,0,0.001583,0,0,0,0.030076,0,0.01583,0.012664,0.012664,0,0.011081,0.007915,0.018995,0,0.023744,0,0.012664,0,0,0,0,0.004749,0,0,0,0.087063,0.061735,0.009498,0,0.009498,0.527124,0.004749,0,0.003166,0,0.006332,4.153673,0.071233,0,0,0.003166,0,0,0.022161,0,0,0,0,0,0.516043,0.131385,0,0.04274,0,0,0,0,0.003166,0.06965,0.047489,0,0,0,0.017413,0,0.030076,0.014247,0.012664,0,0.003166,0,0,0.030076,0.009498,0,0,1.506973,0,0.028493,0,0.011081,0.060152,0,0.072816,0,0,0,0,0.4179,0,0.004749,0.037991,0.001583,0,0,0.056986,0,0,0,0.365663,0.007915,0,0,0.055403,0,0.169376,0.764567,0.001583,0,1.055831,0.349833,0,0.011081,0.007915,0.02691,0.014247,0,0.003166,0.017413,0,0.003166,0,0,0.041157,0,0.045906,0.052238,0,0.104475,0,0.031659,0,0,0,0,0.110807,0.006332,0,0,0.120305,0,0.060152,0,0,0,0.109224,0,0,0.004749,0,0.006332,0,0,0,0,0.188372,0.006332,0.147215,29.075713,0.02691,52.816868,0,0.250107,0,0,0.022161,0.036408,0.189955,0.012664,0,0,0,0,0
E13,0,0,0,0.001609,0.003217,0,0,0.006434,0.110993,0,0.008043,0,0.012869,0,0,0.006434,0,0,0,0,0.016086,0,0,0.004826,0.014477,0,0,0,0.001609,0,0.025738,0.003217,0,0.003217,0,0.001609,0,0,0.025738,0,0,0,0,0,1.053631,0,0,0.008043,0.073995,0.036998,0,0,31.880771,0,0,0,0.073995,0,0.006434,0,0.006434,0,0,0,0.01126,0.01126,0,1.378567,0.049866,0.001609,0,0.048258,0.009652,0.001609,0,0,0,0,0,0,0,0,0,0,0,0,0.024129,0.057909,0,0.053084,0,0.028955,0,0.003217,0,0,0.149599,0.004826,0,0.032172,0,0,0.027346,0.106167,0,0,0,0.004826,0.001609,0,0.003217,0,0,0,0,0,0,0,0,0.003217,0,0.003217,0,1.439694,0,0.006434,0.01126,0.001609,0.006434,0,0,0,0,0.273461,0.003217,0.01126,0,0,0,0.01126,0,0,0,0,0,0,0,0.009652,0,0,0,0,0,0,6.608114,0,0,0,0,0,0,0.123862,0,0.004826,0.004826,0,0,0,0,0.009652,0.799472,0.001609,0,0.024129,0,0,0,0,0,0,0,0,0,0,0,0.001609,0,0.004826,0.001609,0.012869,0.008043,0,0,0.006434,1.645594,0,0,0,0,0,0,0,0,0,0,0,0,0.061127,0,0,0,0,0.020912,0.004826,7.5411,0,0.009652,0,0,0,0,0,0.003217,0.001609,0,0,0,0.014477,0.004826,0,0,0.009652,0,0,0,0,0.017695,0.003217,0,0,0.773735,0.003217,0,0,0,2.512627,0,0.038606,0,0,0,0,0.024129,0.017695,0.003217,0,0.001609,0.003217,0,0.006434,0,0,0,0.078821,0.008043,0,0,0,0,0,0.855773,0.004826,0,4.471898,4.800051,0.003217,0,0.014477,0.024129,0.10295,0,0.030563,0,0,0,0,0,0,0,0.006434,0,0.009652,0.035389,0,0,0,0,0,0.003217,0,0.008043,0.01126,0,0.500273,0,0.016086,0,0,0.004826,0.292765,0,0,0,0.003217,0,0,0.004826,0,0,0.032172,0,0.032172,30.743493,0.003217,0.001609,0,0.18338,0,0,0,0.008043,0.19464,0,0,0,0,0,0
E14,0,0,0,0,0.026992,0,0,0.009527,0.169893,0,0.01429,0,0,0,0,0,0,0.695448,0,0.004763,0.001588,0,0,0.04287,0.01429,0,0.007939,0,0.011114,0,0.169893,0,0.041282,0,0,0.046046,0,0,0.019053,0,0,0,0,0.004763,0.058748,0,0,0.009527,0.1429,0.306442,0,0.001588,0.557311,0,0,0,0.012702,0,0.007939,0.001588,0.015878,0,0,0,0.019053,0.003176,0,0.011114,0.050809,0,0.001588,0.107969,0,0,0,0.004763,0,0,0.001588,0,0.001588,0.006351,0.012702,0,0,0,0.031756,0.236579,0,0.101618,0.003176,0.158778,0.001588,0.007939,0,0.001588,0.036519,0.006351,0,0.01429,0,0,0.031756,0.006351,0.01429,0.004763,0,0.139725,0.003176,0,0,0,0,0,0,0.041282,0,0,0.001588,0,0,0,0,0.638288,0,0,0.001588,0.012702,0.184183,0,0.022229,0.001588,0,0.425525,0,0.007939,0,0,0,0,0,0,0,0,0,0,0,0.006351,0,0,0,0,0.017466,0,0.007939,0,0,0,0,0,0,0.031756,0,0,0,0,0,0.001588,0,0.003176,0.574777,0.004763,0,0.004763,0.003176,0,0,0,0,0.004763,0.003176,0,0.001588,0.009527,0,0.001588,0.003176,0.007939,0,0.009527,0,0,0.004763,0.006351,0.133374,0,0,0.053985,0,0,0.620822,0.017466,0,0,0,0,0,0.031756,0,0,0,0,0.138137,0.004763,0.246106,0,0.222289,0,0,0,0,0.044458,0.001588,0.155602,0,0.019053,0,0.003176,0,0,0,0.001588,0.011114,0,0,0,0.022229,0.007939,0.001588,0,4.523586,0,0,0,0,0.055572,0,0.007939,0,0.05716,0,0.004763,0.049221,0.581128,0.006351,0,0.006351,0.01429,0,0.022229,0,0,0,0.168305,0.306442,0,0,0.004763,0,0.003176,1.894222,0,0.003176,17.017831,2.419777,0,0.061923,0.006351,0.025404,0.003176,0,0.001588,0,0,0.001588,0,0,0.004763,0,0.179419,0.001588,0,0.020641,0.003176,0,0.011114,0,0,0,0,0.009527,0,0,1.840238,0,0.209587,0,0,0,0.052397,0,0,0,0,0,0,0,0,0,1.941855,0.003176,0.246106,42.425493,0.003176,18.411902,0,0.160366,0,0,0,0.022229,0.009527,0,0,0,0,0,0
E15,0,0,0,0,0,0,0,0.001588,0.049224,0,0,0,0,0,0,0,0,0,0,0,0.012703,0,0,0.003176,0.188955,0,0,0,0,0,0.009527,0,0,0.001588,0,0.001588,0.001588,0,0.014291,0,0,0,0,0,0.02223,0,0,0,0.034933,0,0,0,0.495411,0,0,0,0.007939,0,0,0,0.007939,0,0,0,0.007939,0.001588,0,0.073041,0.038109,0,0,0.039696,0.146083,0,0,0.004764,0,0,0,0,0,0,0,0,0,0.003176,0.050811,0.061926,0,0.033345,0.001588,0.046048,0,0.009527,0,0,0.009527,0.001588,0,0.004764,0,0,0.014291,0.004764,0,0,0,0.061926,0,0.017466,0,0,0,0,0,0.047636,0,0.001588,0,0,0,0,0,0.382673,0,0.003176,0,0.003176,0.015879,0,0,0,0,0.001588,0.007939,0,0,0,0,0.001588,0,0,0,0,0,0,0,0,0,0,0,0,0,0.007939,0.412843,0,0,0,0,0,0,0.001588,0.003176,0,0,0.003176,0,0,0,0,0.061926,0,0,0.004764,0,0,0,0,0,0,0.003176,0,0,0,0,0.001588,0,0.02223,0.001588,0.004764,0.003176,0,0,0,0.298517,0,0,0,0,0.006351,0.362031,0,0,0,0,0,0,0.020642,0,0,0,0,1.167074,0,0.281051,0,0.012703,0,0,0,0,0,0.004764,0.001588,0,0,0,0,0.003176,0,0,0.001588,0,0,0,0,0.012703,0.003176,0.001588,0,0.181016,0,0,0,0,0.052399,0.001588,0.011115,0,0.003176,0,0,0.047636,0.131792,0,0,0,0,0,0.012703,0,0,0,0.087332,0,0,0,0,0,0,0.252469,0,0,6.00686,7.990092,0,0.003176,0.004764,0,0.004764,0.001588,0.004764,0,0,0,0,0,0,0,0.006351,0,0,0.02223,0,0,0,0,0,0.001588,0.003176,0,0,0,0.15561,0,0.036521,0,0,0,0.009527,0,0,0,0,0,0,0.003176,0,0,0.025406,0,0.020642,18.806567,0.011115,61.430976,0,0.004764,0,0,0,0.003176,0.003176,0,0,0,0,0,0
E16,0,0,0,0,0,0,0,0,0.019601,0,0,0,0,0.005346,0,0,0,0.057022,0,0,0.007128,0,0,0.017819,0.001782,0,0,0,0,0,0.007128,0,0,0,0,0.122953,0.001782,0,0.001782,0,0,0,0,0.001782,0.071277,0.001782,0,0,0.10157,0.245906,0,0,0.003564,0,0.001782,0,0.014255,0,0,0.014255,0,0,0,0,0.007128,0,0,0.024947,0.017819,0.001782,0,0.140772,0.005346,0.007128,0,0,0.003564,0,0.05524,0,0,0,0,0,0,0.001782,0.379551,0.322529,0,0.049894,0.017819,11.178032,0,0,0,0,0.00891,0,0,0.010692,0,0,0.012473,0.007128,0.10157,0,0,2.06169,0,0,0,0,0,0,0,0.678914,0,0.005346,0,0,0,0,0,0.288672,0,0.005346,0,0,0.028511,0,0,0,0,6.466616,0.001782,0.012473,0,0,0,0,0,0,0,0,0,0,0,0,0,0,0,0,0,0.005346,0.062367,0,0,0,0,0,0,0.04633,0,0,0.001782,0,0,0,0,0,0.069495,0,0,0,0,0,0,0,0,0,0.001782,0,0,0,0,0,0.00891,0,0,0,0.00891,0,0,0,0.238778,0,0,0.115825,0,0,0.003564,0,0.003564,0,0,0,0,0.005346,0,0,0,0,0.215613,0.001782,0.024947,0.001782,0.04633,0,0,0,0,0.017819,0,0.114043,0,0,0,0,0,0,0,0.001782,0.001782,0,0,0,0.007128,0,0,0,7.683672,0,0,0,0,0.784048,0,0.005346,0,0,0,0,0.003564,0.315401,0,0,0,0,0,0.001782,0,0,0,0.438354,0.030293,0,0,0.003564,0,0.039202,0.402716,0.001782,0.021383,6.696484,0.559525,0,0.1479,0.007128,0.040984,0.014255,0.003564,0,0,0,0,0,0,0,0,0.021383,0,0,0.005346,0,0,0.001782,0,0,0,0.003564,0.05524,0.001782,0,5.051765,0,0.386678,0,0.001782,0.003564,0.03742,0,0,0,0,0,0,0.003564,0,0,0.069495,0,0.155028,52.673782,0.010692,0,0,0.424099,0,0,0,0.001782,0.283327,0,0,0,0,0,0
E17,0,0,0,0,0,0,0,0.025233,0.471534,0,0,0.006308,0,0,0,0.004731,0,0.004731,0,0,0.003154,0,0,0,0,0,0,0,0,0,0.003154,0,0,0.023656,0,0.009462,0,0,0.10093,0,0,0,0,0.089891,0.19713,0.003154,0,0.001577,0.082006,0.386374,0,0,0.118278,0,0.004731,0,0.031541,0,0,0,0.086737,0,0,0,0.189245,0.029964,0,0,0.230248,0,0,0.124586,0.342217,0,0,0.055196,0,0,0,0,0.011039,0,0.022079,0,0,0,0.041003,1.088156,0,0.003154,0,21.249014,0.037849,0.014193,0,0,0.012616,0.083583,0,0.118278,0,0,0.017347,0,0,0,0,0.099353,0,0,0,0,0,0,0,0.001577,0,0,0,0,0,0.012616,0,0.651317,0,0.014193,0.001577,0.031541,0.12774,0,0.007885,0,0,0.012616,0.018924,0.004731,0,0,0,0,0,0,0,0,0,0,0,0.011039,0,0,0,0.009462,0,0,0.173474,0,0,0,0,0,0,0.001577,0,0.014193,0,0,0,0.003154,0,0,0.10093,0.001577,0,0,4.021448,0,0.003154,0.001577,0.006308,0,0,0,0.003154,0,0,0.025233,0,0.086737,0,0.034695,0.001577,0.004731,0,0.093045,1.14493,0,0,0.018924,0,0,0.97461,0,0,0.02681,0,0,0,0.078852,0,0.022079,0.053619,0,4.773695,0.001577,0.775903,0,0.004731,0,0.014193,0,0.014193,0.055196,0,0,0,0,0,0,0,0,0,0.039426,0,0,0,0,0.001577,0.096199,0.012616,0,3.266046,0,0,0,0,0.009462,0,0.041003,0,0,0,0,0.028387,0.146665,0,0,0.01577,0.011039,0,0.044157,0,0,0,1.233244,0.022079,0,0,0.003154,0,0.009462,1.348368,0,0,2.362403,4.690112,0,0,0.105662,0.012616,0.047311,0.014193,0.004731,0,0,0,0,0,0,0,0.052042,0,0,0.148242,0,0,0,0,0,0,0.052042,0.011039,0.018924,0,0.465226,0,0.365873,0,0,0,0.118278,0,0,0,0,0,0,0,0,0,0.274405,0,0.246018,34.86674,0.067813,10.480997,0,0.189245,0,0,0,0.075698,0.137202,0,0,0,0,0,0
E18,0,0,0,0,0.00368,0,0,0.023921,0.785721,0,0,0.025761,0,0,0,0,0,0.029442,0,0.018401,0.018401,0,0,0.023921,0.064403,0,0,0,0,0,0.00736,0,0,0,0,0,0.020241,0,0.047842,0,0,0,0,0.020241,0.149048,0,0,0,0.051523,0.110406,0.099365,0,0.165609,0,0,0,0.025761,0,0,0,0.068084,0,0,0,0.152728,0.049683,0.0092,0.031282,1.078296,0,0,0.095685,0.559389,0,0,0.038642,0,0,0,0,0.034962,0.012881,0.029442,0,0,0,0.036802,0.57963,0,0.18953,0.036802,0.526267,0.058883,0.150888,0,0,0.00552,0,0,0.38642,0,0,0.242893,0.00184,0,0,0,0.180329,0,0.090165,0,0,0,0,0,1.109578,0,0.027601,0,0,0,0.020241,0,0.104885,0,0.0092,0.00184,0,0,0,0,0,0,0.106726,0,0,0,0,0,0,0,0,0,0,0,0,0,0.022081,0,0,0,0,0,0.027601,0.485785,0,0,0,0,0,0,0,0,0,0,0,0,0,0,0,0.033122,0.00184,0,0,0,0,0.0092,0,0,0,0,0,0,0,0,0.034962,0,0,0,0.046002,0.060723,0.014721,0,0.051523,0.546508,0,0,0,0,0,0.00552,0,0,0.014721,0,0,0,0.18401,0,0,0,0,0.252093,0,0.686356,0,0.069924,0,0,0,0,0,0,0.00184,0,0,0,0,0,0,0,0.042322,0,0,0,0,0.042322,0.055203,0,0,0.586991,0,0,0,0,0.053363,0,0.230012,0,0,0,0.023921,0.121446,0.022081,0,0,0.011041,0,0,0.036802,0,0,0,0.918208,0.029442,0,0,0.00184,0,0,0.439783,0.00184,0,6.449535,0.353298,0,0.068084,0.123286,0,0.018401,0.055203,0,0,0,0,0,0,0,0,0,0,0,0.237372,0.022081,0,0,0,0,0.0092,0.025761,0,0.022081,0,0.296255,0,0.018401,0,0,0,0.066243,0,0,0,0,0,0,0,0.029442,0,0.031282,0,0.250253,29.088233,0.090165,49.378968,0,0.277854,0.00736,0,0,0.19873,0,0,0,0,0,0,0
L1,0.004758,0,0.003172,0,0.039649,0.006344,0,0.003172,0.107846,0,0,0,0,0,0,0,0.006344,0,0,0.003172,0.095158,0,0,0.306092,0.006344,0.001586,0,0.001586,0.00793,0.009516,0.095158,0.012688,0.004758,0,0.011102,0.009516,0.004758,0,0.019032,0,0,0,0,0,0.226793,0,0,0.011102,1.470192,0.033305,0,0,0.055509,0,0,0,0.034891,0.009516,0,0,0.003172,0,0,0,0.036477,0,0,0.142737,0.07454,0.004758,0.0904,0.537643,0.137979,0,0,0.006344,0,0,0,0,0.00793,0.038063,0.01586,0,0,0.019032,0.101502,0.266443,0,0.883384,0.030133,5.907728,0,0.00793,0,0.011102,0.08247,0.011102,0,0.050751,0,0,0.041235,0.006344,0,0,0,0.17287,0,0,0,0,0,0,0,0.022204,0,0.019032,0,0.00793,0,0.261685,0,2.353576,0,0.001586,0.104674,0,0.325123,0,0.047579,0.006344,0,0,0,0,0,0,0,0,0,0,0,0,0,0,0,0.01586,0,0,0,0.001586,0.006344,0,2.293309,0,0.001586,0,0,0.004758,0,0.001586,0,0,0.003172,0,0,0,0,0.00793,0.39332,0.02379,0,0.009516,0,0,0.001586,0.004758,0,0,0,0,0,0,0,0.003172,0.001586,0.041235,0.003172,0.028547,0.028547,0,0,0.058681,0.837391,0,0,0.01586,0,0,3.006994,0,0,0,0,0,0,0.022204,0,0.00793,0,0,0,0.063439,1.592311,0,0.550331,0,0,0.003172,0,0.01586,0.001586,0.320365,0,0.006344,0,0.00793,0,0,0,0.011102,0.011102,0,0,0,0.529713,0.020618,0.00793,0,2.405912,0.004758,0,0,0,0,0.003172,0.034891,0,0.261685,0,0,0.012688,0.045993,0.001586,0,0,0.012688,0,0.00793,0,0.004758,0,1.091146,0.001586,0,0,0.004758,0,0.017446,0.418695,0,0,0.524955,0.087228,0,0.123705,0.012688,0.01586,0.226793,0.004758,2.340888,0,0,0,0,0,0,0,0.061853,0.006344,0,0.036477,0.009516,0,0,0.004758,0,0,0.019032,0,0.006344,0,0.10626,0,0.077712,0,0,0,0.144323,0,0,0,0,0,0,0,0,0,2.943555,0,0.099916,35.420995,0.014274,28.660016,0,0.042821,0.009516,0.001586,0,0.025375,0.234723,0.003172,0,0,0,0,0
L2,0,0,0,0,0,0,0.003177,0.006354,0.076247,0,0.003177,0,0,0,0,0.001588,0,0,0,0,0.46225,0,0,0.025416,0.004765,0,0.003177,0,0,0,0.006354,0,0.004765,0.004765,0.009531,0.001588,0,0,0.009531,0.006354,0,0,0,0.001588,7.152955,0,0,0.003177,0.358998,0.028593,0,0,0.044478,0,0,0,0.068305,0,0.003177,0,0.014296,0,0.019062,0,0,0,0,0.05242,0.077836,0.003177,0,0.95468,0.03177,0,0.001588,0.004765,0,0,0,0,0,0,0.006354,0.006354,0,0,0.179499,0.017473,0.001588,0.214446,0.02065,0.027004,0.006354,0.02065,0,0,0.257335,0.012708,0.003177,0.004765,0,0,0.015885,0.025416,0.011119,0,0,0.142964,0.006354,0,0.017473,0,0,0,0,0,0,0,0.012708,0,0,0.014296,0,1.915715,0,0.03177,0,0.163614,0.219211,0,0,0.030181,0,0.506727,0.015885,0.009531,0.019062,0,0.011119,0.007942,0,0,0,0.011119,0,0.039712,0.006354,0.074659,0.004765,0,0,0,0,0.007942,3.116611,0,0,0,0,0,0,0.022239,0,0.36694,0.006354,0.015885,0,0,0,0,0.943561,0,0,0.058774,0,0,0,0,0,0,0,0,0.001588,0,0,0.001588,0.009531,0.447953,0,0,0.004765,0.003177,0,0.231919,1.065875,0,0,0.012708,0,0.003177,0,0,0,0,0.003177,0.015885,0,0.03177,0,0,0,0,0.007942,0,5.723317,0,0.179499,0,0,0.003177,0,0.006354,0.006354,0.243038,0.003177,0.007942,0.003177,0.007942,0.001588,0,0,0.047655,0,0,0,0,0.030181,0,0.001588,0,10.939908,0,0,0,0,0.001588,0.003177,0.019062,0.003177,0.114371,0,0,0,0.365352,0,0,0,0,0,0.004765,0,0,0,0.015885,0.019062,0.003177,0,0.006354,0,0,0.919734,0,0,9.561101,2.97047,0,0.12549,0.004765,0.082601,0.057186,0.012708,0.872079,0,0.003177,0,0,0.004765,0,0.003177,0.405064,0,0,0.058774,0,0,0,0,0,0,0.003177,0,0.003177,0,1.297794,0,0.009531,0,0,0,0.065128,0,0,0,0,0,0,0,0,0,0.891141,0,0.003177,44.822328,0.041301,0.009531,0,0.047655,0,0,0,0.022239,0,0,0,0.004765,0,0.015885,0
L3,0,0,0,0,0.009335,0,0,0.007779,0.079349,0,0.003112,0,0,0,0,0,0,0.021782,0,0.003112,0.021782,0.009335,0,0.126025,0,0,0,0,0,0,0.006223,0,0,0.004668,0,0.007779,0.004668,0,0.037341,0,0.021782,0,0.003112,0.004668,0.143139,0.001556,0,0.007779,0.829275,0.034229,0.001556,0,0.023338,0.006223,0,0,0.006223,0,0,0,0.009335,0,0,0,0.010891,0,0.003112,0.087128,0.034229,0.001556,0.023338,0.362516,1.781463,0,0,0.020226,0.003112,0,0,0,0.001556,0,0.003112,0,0,0.024894,0.057567,0.052899,0.001556,0.287835,0.034229,1.001976,0,0,0,0,0,0.004668,0,0.020226,0,0,0.021782,0,0,0,0,0.029561,0,0.001556,0,0,0,0,0,0.15403,0,0,0,0,0,0,0,0.244271,0,0.003112,0,0.034229,0.043564,0,0,0,0,0,0,0,0,0,0,0,0,0,0,0,0,0,0,0,0,0,0,0,0,0.003112,1.236911,0,0,0,0,0,0,0.004668,0,0,0,0,0,0,0,0,0.653463,0.003112,0,0,0,0,0.001556,0,0,0,0,0,0,0,0.001556,0.004668,0,0.031117,0,0.004668,0.003112,0.001556,0,0.009335,0.141584,0,0,0.004668,0,0.001556,0.863504,0,0,0,0,0,0,0.017114,0,0,0,0,0.110466,0,0.505656,0,0.140028,0,0,0,0,0.007779,0,0.048232,0,0,0,0,0,0,0,0,0.015559,0,0,0,0.084017,0.006223,0,0,0.572558,0,0,0.001556,0,0.007779,0,0.024894,0,0.138472,0,0,0,0.020226,0,0,0.003112,0,0,0.003112,0,0,0,0.157142,0.006223,0,0,0,0,0,0.423195,0.001556,0,0.423195,0.040452,0,0,0.029561,0,0.037341,0.028006,0.003112,0,0,0,0,0,0.006223,0,0.014003,0.001556,0,0.046676,0,0,0,0.003112,0,0,0,0,0.014003,0,0.073126,0,0.040452,0,0,0,0.037341,0,0,0,0,0,0,0,0.010891,0,0.084017,0,0.02645,16.772206,0.006223,70.461936,0,0.006223,0.007779,0,0,0.014003,0.048232,0,0,0,0,0.714141,0
L4,0,0,0,0,0.001662,0,0.006649,0,0.008311,0,0,0,0,0,0,0,0,0.073138,0,0.001662,0.011636,0,0,0.006649,0.241024,0.001662,0.001662,0,0,0,0,0,0,0,0,0.003324,0,0,0.001662,0,0,0,0,0,0.114694,0,0,0,0.109707,0.004987,0,0,0.009973,0,0,0,0.009973,0.001662,0,0,0.001662,0,0,0,0,0,0,0.231051,0.009973,0,0,2.466755,0,0,0,0,0,0,0,0,0,0,0,0,0,0.001662,0.009973,0.003324,0,0.031582,0.001662,0.001662,0,0,0,0,0.021609,0,0,0.003324,0.001662,0,0,0,0,0,0,0.689827,0,0,0,0,0,0,0,0.016622,0,0.001662,0,0,0,0.001662,0,1.442819,0,0.004987,0.003324,0.039894,0.01496,0,0,0,0,0.113032,0,0.004987,0,0,0,0,0,0,0,0,0,0,0,0,0,0,0,0,0,0,17.00133,0,0,0,0,0,0,0.013298,0,0.194481,0,0,0,0,0,0.001662,0.290891,0.003324,0,0.001662,0,0,0,0,0,0,0,0,0,0,0,0.001662,0.001662,0.475399,0,0,0.003324,0.001662,0,0.380652,0.254322,0,0,0.257646,0,0,0,0,0,0,0,0,0,0.001662,0,0,0,0,0.413896,0.001662,2.765957,0,0.024934,0,0,0,0,0.001662,0,0,0,0.001662,0,0.018285,0,0,0,0.001662,0.009973,0,0,0,0.004987,0,0,0,23.540559,0,0,0,0,0,0.004987,0.001662,0,0.106383,0,0,0,1.773604,0,0,0,0,0,0,0,0,0,0.023271,0,0,0,0.001662,0,0.001662,0.275931,0,0,1.062168,0.036569,0,0.006649,0.001662,0.076463,0.098072,0.001662,0.026596,0,0,0,0,0,0,0,0.004987,0,0,0.004987,0,0,0,0,0,0,0.003324,0.004987,0.003324,0,3.129987,0,0.046543,0,0,0,0.011636,0,0,0,0,0,0,0,0,0,0.021609,0,0.001662,31.826795,0,9.88863,0,0.003324,0,0,0,0.001662,0.144614,0,0,0,0,0,0.003324
L5,0,0,0.002127,0,0,0,0,0,0.004253,0,0,0,0,0,0,0,0,0,0,0,1.216426,0,0,2.973013,0,0,0,0,0,0,0.153117,0,0.025519,0,0.057419,0,0.021266,0,0,0,0,0,0,0,0,0,0,0,4.051209,0.01914,0,0,0,0,0,0,0.046786,0,0,0,0,0,0,0,0,0,0,0.002127,0,0.316866,0.414691,0.004253,0.365778,0,0,0,0,0,0,0,0,0.00638,0,0,0,0.008506,0.089318,0.055292,0.027646,22.27208,1.167514,0.053165,0,0,0.038279,0.070178,0,0,0,0,0,0,0,0,0,0,0,0.574187,0,0,0,0,0,0,0,0.082938,0,0,0.059545,0.038279,0,0,0,1.039917,0,0.021266,0.191396,0,0.002127,0,0,4.002297,0,0,0,0,0,0,0,0,0,0,0,0,0,0,0,0,0,0,0,0.004253,0.027646,0,0,0,0.002127,0,0,0,0,0.014886,0,0,0.008506,0,0,0,0,0,0.002127,0.002127,0,0,0,0,0,0,0,0,0,0,0,0,0,0,0,0,0,0,0,0,0,0,0.044659,0,0,0,0,0,0,0,0,0,0,0,0,0,0,0,0.034026,0,0,0,0.014886,0,0.929332,0,0,0.010633,0,0.108458,0,27.059099,0,0.112711,0,0,0,0,0,0,0.074432,0,0,0,0.682645,0,0,0.070178,0.650745,0,0,0,0,0,0.159496,0,0,0.00638,0,0,0,0.002127,0,0,0,0,0,0,0,0,0,0.065925,0.055292,0,0,0,0,0,0.116964,0,0,0.008506,0,0,0,0,0,0,0.002127,0,0,0,0,0,0,0,0,0.14461,0,0,0,0,0,0,0.004253,0,0,0,0,0.002127,0,0,0,0.065925,0,0,0,0,0,0,0,0,0,0,0,0,0,0.061672,0,0.00638,29.362227,0,0.025519,0,0,0,0,0,0,0.002127,0,0,0,0,0.580567,0
L6,0,0,0,0.009641,0.001607,0,0.008034,0.003214,0.059453,0,0,0,0,0,0,0,0,0.003214,0,0.008034,0.008034,0,0.003214,0.004821,0.041778,0,0.020889,0,0.154257,0,0.003214,0,0,0,0,0.077128,0,0,0.027316,0,0,0,0,0,0.098017,0,0,0.001607,0.986599,0.948035,0.001607,0.001607,0.004821,0,0,0,0,0.004821,0,0,0.009641,0,0,0,0.017675,0.003214,0,0.178359,0.099624,0,0.004821,1.267796,0.019282,0.003214,0,0.014462,0,0,0,0.004821,0,0,0.008034,0,0,0.003214,0.006427,0.027316,0.004821,0.12212,0.016068,0.001607,0,0.001607,0,0,0.003214,0,0,0.059453,0,0,0.022496,0,0.012855,0,0,0.49812,0,0.001607,0,0,0,0,0,0.014462,0,0,0.001607,0,0,0.003214,0,0.539898,0,0,0,0.043385,0.485265,0,0.006427,0,0,0,0,0,0,0,0.004821,0,0,0,0,0,0,0,0,0.040171,0,0,0,0,0,0.001607,0.417778,0,0,0,0,0,0,0.054633,0,0.017675,0.163898,0,0,0,0,0,0.287624,0,0,0,0,0,0,0,0,0,0,0,0,0.006427,0,0.012855,0,1.03159,0.004821,0,0.003214,0.001607,0,0.343863,0.041778,0,0.004821,0.080342,0,0,0,0,0,0.009641,0,0,0,0.062667,0,0,0,0.003214,0,0,0.40653,0,0.347077,0,0,0,0,0,0,0.025709,0,0.003214,0,0.004821,0,0,0,0.044991,0,0,0,0.006427,0.006427,0.009641,0,0,50.562394,0.012855,0,0,0,0.001607,0,0.024103,0,0.056239,0,0,0,0.212103,0,0,0,0.011248,0,0.011248,0,0,0,0.020889,0.017675,0,0,0,0,0,2.693062,0,0,0.154257,0.430633,0,0.361539,0.012855,0.15747,0,0,0.016068,0,0,0.001607,0,0,0,0,0.417778,0.001607,0,0.036957,0,0,0,0.012855,0,0,0.024103,0.020889,0.004821,0,7.584279,0,0.106051,0,0,0,0.012855,0,0,0,0,0,0,0,0,0,4.94585,0,0.001607,22.579297,0.006427,0,0,0.019282,0.006427,0,0,0.019282,0,0,0.004821,0,0,0,0
L7,0,0,0,0,0,0,0.045187,0.003228,0.019366,0,0.001614,0,0,0,0,0,0,0.003228,0,0,0.001614,0,0,0.001614,0.217865,0,0,0,0,0,0.001614,0,0,0,0,0.011297,0,0,0.003228,0,0,0,0,0,0.05487,0,0,0,0.071008,0.196885,0.001614,0,0.001614,0.004841,0,0.003228,0.019366,0,0,0,0,0,0,0,0.003228,0,0,0.108126,0.024207,0.027435,0,5.882353,0.008069,0,0.003228,0.003228,0,0,0,0,0.001614,0,0.001614,0,0,0,0.003228,0.008069,0,0.011297,0.004841,0.003228,0,0.001614,0,0,0.03389,0,0,0.008069,0,0,0,0,0.011297,0,0,1.826838,0,0,0,0,0,0,0.001614,1.470185,0,0,0,0,0,0.43573,0,0.710078,0,0.004841,0,0.006455,0,0,0,0,0,0.056483,0,0.006455,0,0,0,0,0,0,0,0,0,0,0,0.001614,0,0,0,0.001614,0,0.001614,0.629388,0.004841,0,0,0,0,0,0.045187,0,0.050028,0,0,0,0.004841,0,0,0.196885,0,0,0.03389,0,0,0,0,0,0,0,0,0,0,0.003228,0,0,1.699346,0,0.006455,0,0,0,1.462116,0.109739,0,0.003228,0.166223,0,0,0.422819,0,0.003228,0.003228,0,0,0,0.009683,0,0,0,0,0.216251,0,4.194303,0.025821,0.008069,0,0,0,0,0.004841,0,0,0,0,0,0.003228,0.001614,0,0,0,0.004841,0,0,0,0.004841,0.001614,0,0.001614,14.10635,0.004841,0,0,0,0,0,0.001614,0,0.106512,0,0,0.006455,2.08182,0,0,0,0,0,0.003228,0,0,0,0.014524,0.001614,0,0,0.001614,0,0.003228,0.405067,0,0,0.755265,0.340515,0,0.050028,0.006455,0.150085,0.030662,0,0.019366,0,0,0,0,0,0,0,0,0,0,0.008069,0,0,0,0,0,0.003228,0,0.148471,0.001614,0,23.077544,0,0.030662,0,0,0,0.043573,0.001614,0,0,0,0,0,0,0,0,0.03389,0,0.003228,36.985395,0,0.861777,0,0.009683,0,0.001614,0,0.004841,0.038732,0,0,0,0,0,0
L8,0,0,0,0,0,0,0.028739,0.00479,0.033529,0,0,0,0,0,0,0,0,0.01916,0,0,0,0,0,0.001597,0.403947,0,0,0,0,0,0,0,0,0,0,0.166049,0,0,0.006387,0,0,0,0,0,0.044706,0,0,0,0.140503,0.028739,0,0,0.00479,0,0,0,0,0,0,0,0.006387,0,0,0,0.011176,0,0,0.025546,0.028739,0,0,1.119236,0.031933,0,0,0,0,0,0,0,0,0,0,0,0,0,0.003193,0.011176,0,0.015966,0,0.886128,0,0.00479,0,0,0.054285,0,0,0.022353,0,0,0.006387,0,0.017563,0,0,0.357645,0,0,0,0,0,0,0,0.225125,0,0,0,0,0,0.003193,0,0.526887,0,0,0,0,0.003193,0,0,0,0,0.635458,0,0.003193,0,0,0,0,0,0,0,0,0,0,0,0,0,0,0,0,0,0.001597,0.515711,0,0,0,0,0,0,0.035126,0,0.006387,0,0,0.001597,0,0,0,0.022353,0.001597,0,0.01916,0,0,0.001597,0,0,0,0,0,0,0,0,0.001597,0,0.178822,0,0.001597,0,0.001597,0,0.408737,0.199578,0,0,0.049495,0,0,0.00479,0,0,0,0,0,0,0.006387,0,0,0,0,0.15168,0,0.582769,0.030336,0.006387,0,0,0,0,0.250671,0,0.001597,0,0,0,0,0,0,0,0,0.001597,0,0,0,0,0.012773,0,0,40.121663,0,0,0,0,0.006387,0,0.01437,0,0.038319,0,0,0,1.531166,0,0,0.001597,0,0,0.001597,0,0,0,0.015966,0,0,0,0,0,0,0.29378,0,0.001597,1.64293,0.007983,0,0.001597,0.003193,0.213948,0.036722,0,0,0,0,0,0,0,0,0,0.086218,0,0,0.001597,0,0,0,0,0,0,0.001597,0.055882,0,0,13.705454,0,0.191595,0,0,0,0.023949,0.003193,0,0,0,0,0,0,0,0,0.025546,0,0.001597,34.515902,0.006387,0.020756,0,0.036722,0,0,0,0.001597,0.011176,0,0,0,0,0,0
L9,0,0,0,0,0,0.003209,0,0.022464,1.941561,0,0,0,0,0,0,0,0,0,0,0,0.019255,0,0,0,0,0,0,0,0,0,0.028883,0.086648,0.001605,0.014441,0,0.001605,0,0,0.306478,0,0,0,0,0,0.062579,0,0,0,0.53433,0.155646,0,0,0.380289,0,0,0,0.003209,0.202179,0,0,0.085044,0,0,0,0.600119,0.057765,0,0.21662,1.121612,0,0,0.545562,0.587282,0,0,0.210202,0,0,0,0,0.266363,0,0,0,0,0,0.572841,0.267967,0,0.115531,0,0.619374,0.093067,0.685162,0,0.03851,0,0,0,0.162064,0,0,0.473356,0,0,0,0,0.155646,0,0,0,0,0,0,0,0.004814,0,0,0.001605,0,0,0,0,1.079893,0,0,0,0.274386,0.125158,0,0,0,0,0,0.251922,0,0,0,0,0.388312,0,0,0,0,0,0,0,0.022464,0,0,0,0,0.192551,0.004814,1.09273,0,0,0,0,0,0,0,0,0,0.046533,0,0,0,0,0,1.453764,0,0,0,0,0,0.022464,0,0.081834,0,0,0,0,0,0,0.019255,0,0.009628,0,0,0,0,0,0,0.187738,0,0,0,0,0,0,0,0,0,0,0,0,0.316105,0,0,0,0,0.001605,0.33857,4.391778,0,0.173296,0,0,0,0,0,0,0.014441,0,0.027278,0,0,0,0,0.041719,0.1396,0,0,0,0,0.001605,0.431636,0,0,8.022978,0,0,0,0,0,0,0.601723,0,0.29685,0,0,0.093067,0.001605,0,0.009628,0,0,0,0.226248,0,0,0,0.325733,0.006418,0,0,0,0,0,2.336291,0,0,0.603328,0.97399,0,0,0.272781,0.121949,0,0.006418,0.255131,0,0,0,0,0,0,0,0,0.155646,0.051347,0.611351,0,0,0,0,0,0,0.129972,0.062579,0.001605,0,0.519889,0,0.221434,0,0,0,0.035301,0,0.110717,0,0,0,0,0,0,0,0.487797,0,0,28.065981,0.479774,32.162513,0,0.620978,0,0,0,0.351406,0.001605,0,0,0,0,0,0
L10,0,0,0,0,0,0,0,0.010975,0.125433,0,0,0,0,0.018815,0,0,0,0,0,0,0,0,0,0.004704,0.010975,0,0,0,0.001568,0,0,0,0,0,0,0,0,0,0.010975,0,0,0,0,0.010975,0.101914,0,0,0.001568,0.015679,0.025087,0,0,0.001568,0,0,0,0.00784,0,0,0,0.003136,0,0,0.175606,0.025087,0,0,0.031358,0.062717,0.006272,0,0.522115,0.139544,0,0.003136,0.020383,0,0,0,0,0.004704,0,0,0,0,0,0.001568,0.329262,0,0.004704,0,38.268082,0.004704,0.010975,0,0,0.054877,0,0,0.026655,0,0,0.050173,0,0.001568,0,0,0.048605,0,0,0,0,0,0,0,0.015679,0,0,0,0,0,0.010975,0,0.266545,0,0,0.001568,0.061149,0.039198,0,0.003136,0,0,0.015679,0.017247,0.015679,0,0,0,0.012543,0,0,0,0,0,0,0,0,0,0,0,0.001568,0,0.018815,0.181878,0.003136,0,0,0,0,0,0.004704,0,0.015679,0.001568,0.006272,0,0,0,0,0.156791,0,0,0,0,0,0.004704,0.001568,0,0,0,0,0,0,0,0.014111,0,0.11289,0,0.003136,0.020383,0,0,0.058013,0.424905,0,0,0.014111,0,0,3.323978,0,0,0.014111,0,0,0,0.054877,0,0.004704,0,0,0.153656,0.023519,3.915082,0,0.00784,0,0,0,0,0.017247,0,0.001568,0,0,0,0,0,0,0,0.003136,0.020383,0,0,0,0.00784,0.017247,0,0,1.605544,0,0,0,0,0.001568,0,0.03763,0,0.086235,0,0.010975,0.028222,0.14268,0.003136,0,0.001568,0,0,0.004704,0,0,0,0.439016,0.003136,0,0,0.003136,0,0.003136,0.376299,0,0,1.324888,0.026655,0,0,0.026655,0.015679,0.039198,0.009407,0.020383,0,0,0.006272,0,0,0,0,0.015679,0.001568,0,0.031358,0,0,0,0,0,0,0.009407,0,0.001568,0,1.084997,0,0.018815,0,0,0,0.073692,0.015679,0,0,0,0,0,0,0,0.003136,0.081532,0,0.015679,32.178303,0.056445,12.866304,0,0.02979,0,0,0,0.031358,0.051741,0,0,0,0,0,0.004704
L11,0,0,0,0,0,0.020331,0,0.053173,0.208001,0,0,0,0,0,0,0,0,0,0,0.004692,0.004692,0,0,0.004692,0,0.021895,0,0,0,0,0,0,0,0,0,0,0,0,0.059429,0,0,0,0,0,0.003128,0,0,0,0.032842,0.00782,0,0,0.010947,0,0,0,0.001564,0.031278,0,0,0.003128,0,0,0,0.015639,0.012511,0,0,0.228332,0,0,2.707141,0.018767,0,0,0.065685,0,0,0,0,0.001564,0,0.023459,0,0,0,0,0.026587,0,0.00782,0,0.656845,0,0.010947,0,0,0,0,0,0.050045,0,0,0.111038,0,0,0,0,0.029714,0,0,0,0,0,0,0,0,0,0,0,0,0,0.003128,0,0.156392,0,0.009384,0,0.062557,0.009384,0,0.015639,0,0,0.014075,0,0,0,0,0,0,0,0,0,0,0,0,0,0,0,0,0,0,0,0.042226,0.236152,0,0,0,0,0,0,0,0,0.014075,0.003128,0,0,0,0,0,0.057865,0.017203,0,0,1.237059,0,0.004692,0,0,0,0,0,0,0,0,0.00782,0.001564,0.001564,0,0.020331,0,0,0,0.07976,0.126677,0,0,0,0,0,1.050952,0,0,0,0,0,0,0.397235,0.004692,0,0,0,0,0,1.518564,0,0.003128,0,0,0,0.009384,0,0,0.001564,0,0,0,0,0,0,0,0.029714,0,0,0,0,0.014075,0.028151,0,0,0.226768,0,0,0,0,0,0,0.023459,0,0.111038,0,0,0.028151,0,0.00782,0,0.006256,0.001564,0.003128,0.031278,0,0,0,0.025023,0.001564,0,0,0,0,0,0.139189,0,0,3.120015,0.009384,0,0.001564,0.128241,0,0,0.040662,0.012511,0,0,0,0,0,0,0,0.001564,0,0,0.053173,0.006256,0,0,0,0,0,0,0,0,0,0.057865,0,0.001564,0,0,0,0,0,0,0,0,0,0,0,0,0,0.012511,0,0,5.490914,0.029714,80.501079,0,0.134497,0,0,0,0.093835,0.059429,0,0,0,0.028151,0,0
L12,0,0,0,0,0,0.004864,0,0.001621,0.129704,0,0.003243,0,0.004864,0,0,0,0,0,0,0.001621,0.008106,0,0.001621,0,0,0,0,0,0.001621,0,0.001621,0,0,0,0,0,0.001621,0,0.038911,0,0,0,0,0,0.108627,0,0,0,0.006485,0.011349,0,0,0.011349,0,0,0,0.014592,0,0,0,0.017834,0,0,0,0.022698,0,0,0.134568,0.11187,0.006485,0,17.959111,0,0,0,0.003243,0,0,0,0,0,0,0.001621,0,0,0,0,0.095657,0,0.011349,0,0.004864,0.092414,0.008106,0,0,0.022698,0,0,0.048639,0,0,0.027562,0.024319,0,0,0,0,0,0,0,0,0,0.004864,0,0,0,0,0,0,0,0.001621,0,1.465653,0,0.008106,0,0.272378,0.029183,0,0,0,0,0,0.003243,0,0,0,0,0,0,0,0.004864,0,0,0,0,0,0,0,0,0,0,0,1.522398,0.016213,0,0,0,0,0,0.004864,0,0.179964,0,0,0,0,0,0,0.682566,0.077822,0,0,0,0,0,0,0,0,0,0,0,0,0,0.01297,0,0.573939,0,0.006485,0.016213,0.001621,0,0,0.500981,0,0,0,0,0,3.920297,0,0,0,0,0,0,0.055124,0,0.004864,0,0,0.082686,0.004864,2.208207,0,0.009728,0,0,0,0,0,0,0.004864,0,0,0,0.048639,0,0,0,0,0.006485,0,0,0,0,0.021077,0,0,0.440993,0,0,0,0,0.001621,0,0.01297,0,0.330745,0,0,0.009728,0.003243,0,0,0,0,0,0.019456,0,0,0,0.084307,0.009728,0,0,0,0,0,2.34926,0.004864,0,6.478704,0.531786,0,0.001621,0.01297,0.011349,0,0.006485,0.076201,0,0,0.001621,0,0,0,0,0.019456,0.003243,0.004864,0.034047,0,0,0,0,0,0,0.016213,0,0.016213,0,0.604744,0,0.017834,0,0,0,0.129704,0,0,0,0,0,0,0,0,0,0.07458,0,0.040532,38.859255,0.022698,18.734091,0,0.12484,0,0,0,0.029183,0.183207,0,0,0,0,0,0
L13,0,0,0,0,0,0,0,0.003227,0.088753,0,0,0,0,0,0,0,0,0.004841,0,0,0.009682,0,0,0,0.001614,0,0,0,0,0,0.025819,0,0,0,0,0,0.001614,0,0.003227,0,0,0,0,0.009682,0.080684,0,0,0.011296,0.037115,0.001614,0.008068,0,0.020978,0.012909,0,0,0.003227,0.006455,0,0,0.003227,0,0,0,0.006455,0.003227,0,0.093594,0.025819,0,0,0.267872,0,0,0,0.003227,0,0,0,0,0,0,0,0,0,0.008068,0.004841,0.029046,0,0.001614,0,0.511538,0.006455,0.001614,0,0,0.004841,0,0,0.003227,0,0,0.006455,0.037115,0.004841,0,0,0.256576,0.011296,0,0,0,0,0.001614,0,1.003711,0,0,0,0,0,0.03066,0,2.260771,0,0.003227,0,0.103276,0.001614,0,0,0.001614,0,0,0,0.017751,0,0.003227,0,0.001614,0,0,0,0,0,0,0,0,0,0,0,0.001614,0.003227,0,2.552848,0,0,0,0,0,0,0.040342,0,0.069388,0.003227,0,0,0.082298,0,0,1.644344,0.116185,0,0.003227,0,0,0.006455,0.003227,0,0,0,0,0,0,0,0.001614,0.003227,0.111344,0,0.004841,0.003227,0,0,0.004841,1.189285,0,0,0.009682,0,0,3.269324,0,0.001614,0.009682,0,0,0,0.020978,0,0,0,0,0.100048,0,3.333871,0,0.003227,0,0,0,0,0.017751,0,0,0,0,0,0.016137,0,0,0,0.009682,0.012909,0.003227,0,0,0.001614,0.009682,0,0,0.3066,0,0,0,0,0,0,0.003227,0,0.426013,0,0,0,0.127481,0.001614,0,0,0.014523,0,0.003227,0,0,0,0.077457,0.040342,0,0,0,0,0,0.327578,0,0,7.059868,1.063418,0.003227,0.001614,0.003227,0,0.041956,0,0.109731,0,0,0.011296,0,0,0,0,0.001614,0.003227,0,0.027433,0,0,0,0,0,0.001614,0.001614,0,0.006455,0,0.161368,0,0.004841,0,0,0,0.154914,0,0,0,0,0,0,0,0,0,0.017751,0,0.075843,46.298209,0.009682,25.839923,0,0.014523,0,0,0,0.011296,0.032274,0,0,0,0,0,0
L14,0,0,0,0,0.001607,0,0.003215,0.006429,0.141445,0,0,0,0,0,0,0,0,0,0,0,0.001607,0,0,0.003215,0.051435,0,0,0,0,0,0.003215,0,0,0,0,0.009644,0,0,0.004822,0,0,0,0,0.006429,0.001607,0,0,0,0.188058,0.126979,0,0,0.152696,0,0,0,0.001607,0,0,0,0.027325,0,0,0,0.020895,0,0,0.012859,0.043398,0,0.004822,0.178414,0.001607,0,0.003215,0.001607,0,0,0,0,0,0,0.003215,0,0,0.001607,0.006429,0.009644,0,0.003215,0.020895,7.861448,0.006429,0.014466,0,0,0.012859,0.004822,0,0.012859,0,0.004822,0.030539,0.003215,0.049827,0,0,0.070722,0,0,0,0,0.004822,0,0,0.001607,0,0,0,0,0,0,0,0.376115,0,0.004822,0,0.035361,0.011251,0,0.003215,0,0,0.032147,0.001607,0,0,0,0,0,0,0,0,0,0.008037,0,0,0,0,0,0,0,0,0.001607,0.226633,0,0,0,0,0,0,0.001607,0,0.067508,0,0,0,0,0,0,0.231455,0.004822,0,0,0,0,0.001607,0,0,0,0,0,0,0.008037,0,0,0.001607,0.049827,0,0.009644,0.006429,0,0,0.135016,0.133408,0,0,0.003215,0.011251,0,0,0,0,0.016073,0,0,0,0.057864,0,0,0,0,0.139838,0.040183,0.826167,0,0.091618,0,0,0,0,0.001607,0,0.070722,0,0,0,0.003215,0,0,0,0.003215,0,0.004822,0,0,0.001607,0.009644,0,0,23.965282,0.073937,0,0,0,0,0,0.033754,0,0.069115,0.004822,0,0.196094,0.231455,0,0,0,0,0,0.022503,0,0,0,0.003215,0.112513,0,0,0,0,0.001607,0.181628,0,0.003215,1.494816,4.87503,0.004822,0.085188,0.004822,0.316644,0,0.001607,0.014466,0,0,0.008037,0,0.001607,0,0,0.511131,0.004822,0,0.020895,0,0,0,0,0,0.255565,0.001607,0.014466,0.001607,0,3.463795,0,2.761392,0.004822,0,0,0.025717,0.006429,0,0,0,0,0,0,0,0,0.456482,0,0,17.343084,0.001607,31.484369,0,0.04822,0,0,0,0.025717,0.107691,0,0,0,0,0,0
L15,0,0,0,0.004086,0,0,0,0,0.053114,0,0.002043,0,0.004086,0.002043,0,0,0,0.020429,0,0,0,0,0,0,0.431043,0,0,0,0,0,0.034729,0.008171,0,0.004086,0,0.332986,0.006129,0,0.022471,0,0,0.006129,0,0,0.298257,0,0,0.008171,0.110314,0.623072,0.002043,0,0.004086,0,0,0,0.0429,0,0,0,0,0,0,0,0,0.012257,0,0.032686,0.053114,0,0,0.717044,0.026557,0,0,0.008171,0.002043,0,0,0,0,0,0,0,0,0,0.1001,0.341157,0,0.657801,0.018386,8.586137,0.002043,0.010214,0,0,0.181814,0,0,0.0286,0,0,0.0143,0.0286,0.0858,0,0,2.106188,0,0,0,0,0,0.006129,0,0.353415,0,0,0,0,0,0,0,0.480072,0,0,0.012257,0,0.004086,0,0,0,0,3.037732,0,0.006129,0,0,0,0,0,0,0.006129,0,0,0,0,0.006129,0,0,0,0,0,0,0.222672,0,0,0,0.002043,0,0,0.104186,0,0,0,0,0,0,0,0,0.034729,0,0,0.026557,0,0,0,0,0,0,0.006129,0,0,0,0,0,0,0.036771,0,0.004086,0.004086,0,0,0.038814,1.070458,0,0,0.496415,0,0,2.951932,0,0,0.002043,0,0,0,0.046986,0,0,0,0,0.202243,0,0.680272,0,0.051071,0,0,0,0,0,0,0.046986,0,0,0,0.030643,0,0.002043,0,0.010214,0,0,0,0,0,0.008171,0,0,1.897816,0,0,0,0,0.833487,0,0.004086,0,0,0,0,0,2.806889,0,0,0,0,0,0.012257,0,0,0.004086,0.4576,0.010214,0,0,0,0,0.177729,0.651672,0.004086,0,10.927254,0.882515,0,0,0.008171,0.108272,0.067414,0.002043,0,0,0,0.006129,0,0,0,0,0,0,0.006129,0.008171,0,0,0,0,0,0,0,1.503544,0.002043,0,11.491083,0,4.273661,0,0,0.044943,0.079672,0,0,0,0,0,0,0,0,0,0.0143,0,0.046986,35.815407,0.010214,1.27883,0,0.098057,0,0,0,0.008171,1.432044,0,0,0,0,0,0
L16,0,0,0,0.001825,0,0.045625,0,0.00365,0.55298,0,0,0,0.052926,0,0,0,0,0.071176,0,0,0,0,0,0,0,0,0.0073,0,0.01825,0,0.001825,0,0.016425,0,0,0.00365,0,0,0.096726,0,0,0,0,0.016425,1.912618,0,0,0.069351,0.038325,0.069351,0,0,0,0.02555,0,0,0.020075,0.027375,0,0,0.0292,0,0,0,0.0292,0,0,0.009125,0.50553,0,0,0.045625,0.00365,0,0,0.023725,0.009125,0,0,0,0,0,0.00365,0,0,0,0.100376,0.328503,0,0.058401,0,3.359857,0,0.01825,0,0,0.01825,0,0,0.0292,0,0,0.102201,0,0,0,0,0.012775,0,0,0,0,0,0,0,5.621053,0,0.01095,0,0,0,1.343213,0,0.686207,0,0.001825,0,0.166077,0.156951,0,0,0,0,0.0219,0,0,0,0,0,0.027375,0,0,0,0,0,0,0,0,0,0,0,0,0,0.0073,0.642406,0,0,0.00365,0,0,0,0.810308,0,0,0.005475,0,0,0,0,0,0.041975,0,0,0,0,0,0.01095,0,0,0,0,0.009125,0,0,0,0.052926,0,0.111326,0,0.00365,0,0,0,0,2.12067,0,0,0.016425,0,0,0,0,0,0.012775,0,0,0,0.091251,0,0,0,0,0.169727,0,0.454429,0,0.118626,0,0,0,0,0.001825,0,0.01095,0,0.211702,0,0,0,0,0,0,0,0,0,0,0,0.054751,0,0,1.031135,0.01825,0,0,0,1.722816,0,0.087601,0.01095,0.107676,0,0,0,0.009125,0.0219,0,0.0073,0.0073,0,0.0146,0,0,0,0.343103,0.001825,0,0,0,0,0.001825,2.463773,0,0,11.997664,0.443479,0,0,0.065701,0,0.012775,0.0146,0.242727,0,0,0,0,0,0,0,0,0,0,0.197102,0,0,0,0,0,0,0,0.01825,0.001825,0,0.177027,0,0.01825,0,0,0,0.222652,0,0,0,0,0,0,0,0,0,0.474505,0,0.074826,57.969851,0.04015,0.890608,0,0.113151,0,0,0,0.104026,0.335803,0,0,0,0,0,0
L17,0,0,0,0,0,0,0,0,0.092392,0,0,0,0.009558,0,0,0,0,0,0,0,0,0,0,0,0.017523,0,0,0,0.001593,0,0,0.006372,0,0.006372,0,0.011151,0.01593,0.003186,0.028673,0,0,0,0,0,0.323372,0.003186,0,0.003186,0.017523,0.02708,0,0,0.017523,0,0,0,0.07009,0.007965,0,0,0.017523,0,0,0,0.028673,0,0,0.164075,0.098764,0.003186,0,0.229387,0.003186,0,0,0.006372,0.020709,0,0,0,0,0.001593,0.014337,0,0,0,0.001593,0.267618,0,0.039824,0.001593,0.071683,0.028673,0.011151,0,0,0.060533,0,0,0.012744,0,0,0.022302,0,0.017523,0,0,0.184784,0,0,0.001593,0,0,0,0,0.90799,0,0,0,0,0,0.004779,0,0.914362,0,0.01593,0,0.036638,0.004779,0,0,0,0,0.033452,0.003186,0,0,0,0,0.012744,0,0,0,0,0,0,0,0.036638,0,0,0,0,0,0.012744,1.682172,0,0,0,0,0,0,0.146553,0,0.009558,0.003186,0,0,0,0,0,0.054161,0.033452,0,0.092392,0.001593,0,0,0,0,0,0,0,0,0,0,0.009558,0,0.023894,0,0.003186,0.006372,0,0,0,1.158086,0,0,0.046196,0,0,0.297885,0,0,0,0,0,0,0.025487,0,0,0,0,0.114694,0.050975,0.554352,0,0.003186,0,0,0,0,0.014337,0,0.001593,0,0,0,0.001593,0,0,0,0.007965,0,0,0,0,0.001593,0.004779,0,0,0.25806,0,0,0,0,0.081241,0,0.014337,0,0.062126,0,0,0,0.035045,0,0,0,0,0,0.006372,0,0,0,0.43488,0.130623,0,0,0,0,0,0.987639,0.009558,0,8.979546,0.05894,0.003186,0,0.028673,0.001593,0.062126,0.007965,0.044603,0,0,0.012744,0,0,0,0,0.025487,0.003186,0,0.014337,0,0,0,0,0,0.001593,0,0.003186,0,0,0.146553,0,0.003186,0,0,0.001593,0.390277,0,0,0,0,0,0,0,0,0,0.004779,0,0.27399,35.642602,0.007965,43.792214,0,0.01593,0,0,0,0.007965,0.141774,0,0,0,0,0,0
L18,0,0,0,0,0.028591,0,0,0.001588,0.063536,0,0,0,0,0.001588,0,0,0,0,0,0.001588,0.00953,0.003177,0,0.007942,0,0.001588,0,0.003177,0.001588,0,0.003177,0,0,0,0,0,0,0,0.007942,0,0.003177,0,0,0.001588,0.095305,0.006354,0.004765,0.015884,0.101658,0.063536,0,0,10.245251,0,0,0,0.028591,0,0,0,0.014296,0.012707,0,0,0.023826,0.00953,0.015884,1.367622,0.046064,0,0,0.541648,0.003177,0,0,0.007942,0,0.003177,0,0,0,0,0.001588,0,0,0.012707,4.760468,0.06036,0,0.025415,0.00953,0.57977,0.011119,0.004765,0,0.001588,0.30974,0.001588,0,0.036533,0,0,0.034945,0.007942,0,0,0,0.00953,0.004765,0.031768,0.00953,0.003177,0,0.001588,0,0.001588,0,0,0,0.004765,0,0.014296,0,1.72978,0,0.025415,0,0.771968,0.093716,0,0,0,0,0.03018,0.001588,0.003177,0,0,0,0,0,0,0,0,0,0,0,0.00953,0,0,0,0,0,0.006354,4.565093,0.023826,0,0.004765,0,0,0,0.046064,0,0.017473,0.003177,0,0.006354,0.007942,0,0,2.647881,0,0,0,0,0,0.001588,0,0.001588,0,0,0,0.001588,0,0.006354,0.001588,0,1.221488,0,0,0.003177,0.001588,0,0.014296,1.528051,0,0,0.007942,0,0.001588,0.001588,0,0,0,0,0,0,0.031768,0.004765,0,0,0,0,0.011119,12.264121,0,0.028591,0.006354,0.004765,0.001588,0,0.012707,0,0.023826,0,0.050829,0,0.007942,0,0,0,0.00953,0.022238,0,0,0,0.017473,0.001588,0,0,1.381918,0.012707,0,0.004765,0,0.00953,0,0.014296,0,1.265964,0.001588,0,0.007942,0.012707,0,0,0.001588,0.011119,0,0.001588,0,0,0,0.098481,0.019061,0,0,0,0,0,0.876803,0,0,0.346274,0.411398,0.001588,0.020649,0.004765,0.006354,0,0.003177,0.225554,0,0,0.023826,0,0,0,0,0.001588,0,0,0.025415,0,0,0,0,0.004765,0.003177,0,0,0.014296,0,0.362158,0,0.025415,0,0,0,0.263676,0,0,0,0,0,0,0,0.007942,0.003177,0.112777,0,0.108012,45.81136,0.00953,4.153695,0,0.031768,0,0.006354,0.00953,0.019061,0.282737,0,0,0,0,0,0.007942
