Sample,Acetanaerobacterium,Acetatifactor,Acetivibrio,Acetobacteroides,Acholeplasma,Acidaminococcus,Acinetobacter,Actinobacillus,Actinomyces,Actinotignum,Adlercreutzia,Aestuariispira,Aggregicoccus,Akkermansia,Alistipes,Allisonella,Allobaculum,Alloprevotella,Alysiella,Anaerocella,Anaerofilum,Anaerofustis,Anaeroplasma,Anaerosporobacter,Anaerotruncus,Anaerovibrio,Anaerovorax,Aquabacterium,Armatimonadetes_gp2,Atopobium,Aureimonas,Bacillus,Bacteroides,Barnesiella,Bibersteinia,Bifidobacterium,Bilophila,Blautia,Brachymonas,Bradyrhizobium,Brevundimonas,Brucella,Bulleidia,Burkholderia,Butyricicoccus,Butyricimonas,Butyrivibrio,Campylobacter,Candidatus_Endomicrobium,Catonella,Centipeda,Chlamydophila,Christensenella,Chryseobacterium,Cloacibacillus,Clostridium_III,Clostridium_IV,Clostridium_XI,Clostridium_XVIII,Clostridium_XlVa,Clostridium_XlVb,Clostridium_sensu_stricto,Collinsella,Coprobacillus,Coprobacter,Coprococcus,Curvibacter,Defluviitalea,Denitrobacterium,Desulfobulbus,Desulfomicrobium,Desulfovibrio,Devosia,Dialister,Dietzia,Eggerthella,Eikenella,Elusimicrobium,Enterococcus,Erysipelothrix,Escherichia,Ethanoligenens,Eubacterium,Faecalibacterium,Faecalicoccus,Faecalitalea,Fibrobacter,Flavobacterium,Flavonifractor,Fretibacterium,Fusobacterium,Gemmiger,Globicatella,Gordonibacter,GpI,Haemophilus,Holdemania,Howardella,Hydrogenoanaerobacterium,Intestinimonas,Kandleria,Klebsiella,Lachnoanaerobaculum,Lachnobacterium,Lachnospira,Lachnospiracea_incertae_sedis,Lactobacillus,Lactonifactor,Lawsonia,Leifsonia,Leptotrichia,Lysinibacillus,Mannheimia,Massilia,Megamonas,Megasphaera,Mitsuokella,Mogibacterium,Moraxella,Moryella,Mycoplasma,Neisseria,Nitrosomonas,Oligosphaera,Olivibacter,Olsenella,Oribacterium,Oscillibacter,Parabacteroides,Paracoccus,Paraprevotella,Parvibacter,Parvimonas,Pelomonas,Peptococcus,Phascolarctobacterium,Phenylobacterium,Porphyromonas,Prevotella,Pseudobutyrivibrio,Pseudoflavonifractor,Pseudomonas,Pseudoramibacter,Psychrobacter,Pyramidobacter,Ralstonia,Rhizobium,Romboutsia,Roseburia,Rothia,Ruminobacter,Ruminococcus,Ruminococcus2,SR1,Saccharibacteria,Saccharofermentans,Saccharopolyspora,Schwartzia,Selenomonas,Senegalimassilia,Sharpea,Slackia,Solibacillus,Sphaerochaeta,Sphingomonas,Spirochaeta,Sporobacter,Staphylococcus,Stenotrophomonas,Stomatobaculum,Streptococcus,Succiniclasticum,Succinimonas,Succinivibrio,Suttonella,Synergistes,Syntrophococcus,Syntrophomonas,Treponema,Turicibacter,Unclassified,Ureaplasma,Vampirovibrio,Veillonella,Victivallis,Yersinia
E1,0,0.00265,0,0,0.023852,0,0,0,0,0,0,0,0,0,0,0,0,0,0,0.018552,0.010601,0,0.010601,0,0,0.074208,0,0,0,0.010601,0,0,1.171419,0.702322,0,0.068907,0,0.039754,0.013251,0,0,0,0.005301,0,0,0,0.38959,0,0.013251,0,0.119262,0,0,0,0,0,0.013251,0,0,0.548606,0.029153,0,0,0,0,0.015902,0,0,0,0.10071,0,0.278278,0,0,0,0,0.00265,0.103361,0,0,0,0.029153,0.182869,0,0,0,2.880844,0,0,1.478851,0.00265,0,0,0,0,0,0.010601,0,0,0.015902,0,0,0.005301,0,0,0.018552,0,0.00265,0,0,0,0,0,0,0,0,0,0.021202,0,0.007951,0,0,0,0.090109,0.071557,0.023852,0,0.874589,0.007951,0,0.455846,0,0,0,0,0,0,0,32.412806,0.066257,0,0,0,0,0.174918,0.00265,0,0,0,0,1.534507,6.599173,0.005301,0.818934,0.219972,0.336584,0,0,0.140464,0,0.00265,0,0,0.675819,0,0.00265,0.00265,0,0,0.005301,0.00265,3.029259,2.332238,1.007103,0.039754,0.007951,0.005301,0.00265,2.239478,0,38.322909,0,0.050355,0,0.013251,0
E2,0,0,0,0,0.023402,0,0,0,0,0,0,0.0026,0,0,0,0,0,0,0,0,0.059806,0,0.291227,0,0,0.533049,0,0,0,0.028603,0,0,0.507047,0.33023,0.0026,0.0052,0,0.010401,0.010401,0.0026,0,0,0.0052,0,0,0,2.199802,0.007801,0.007801,0.013001,0.624057,0,0.007801,0,0,0,0.013001,0,0.007801,0.041604,0.0052,0,0,0,0,0.020802,0.0026,0,0.0052,0.10661,0,0.566852,0,0,0,0,0,0.270425,0,0.0052,0,0.0052,0.275625,0,0,0,0.049405,0,0,0.696864,0,0,0,0,0.039004,0,0.023402,0,0,0.052005,0.015601,0.0026,0,0,0,0.031203,0.0026,0.023402,0,0,0,0,0,0,0,0,0,0.091008,0,0.338031,0.0052,0,0,0.028603,0.075407,0,0,0.200218,0.200218,0,0.192418,0.0026,0,0,0,0,0,0,30.927245,0.223621,0,0,0,0,0.075407,0,0,0,0.010401,0,3.523324,7.683707,0.023402,0,0.202819,0.210619,0,0.0026,3.018878,0,0.026002,0.023402,0,0.351032,0,0,0.0026,0,0,0.010401,0.0052,11.053617,0,2.007385,0.0026,0.0052,0.023402,0.0052,0.371834,0,31.975142,0.127412,0.031203,0,0.007801,0
E3,0,0,0.020275,0,0.014482,0,0.005793,0,0,0,0,0.052135,0,0.002896,0,0,0,0,0.008689,0,0.052135,0,0.028964,0,0,0.072409,0,0,0,0.005793,0,0,0.926838,1.885536,0,0,0,0,0.049238,0,0,0,0.002896,0.005793,0,0,1.346811,0.002896,0.03186,0.026067,0,0,0.002896,0,0.060824,0,0.014482,0.002896,0,0.871807,0.034756,0,0,0,0,0,0.002896,0,0,0.124544,0,0.460523,0,0,0,0,0,0.078202,0,0,0,0.052135,0.393906,0,0,0.002896,7.849157,0,0,0.112958,0.008689,0,0,0,0.008689,0,0.034756,0,0,0.225917,0.002896,0,0,0,0,0.03186,0,0,0,0,0,0,0,0,0,0,0,0.03186,0,0.011585,0,0,0,0.057927,0.005793,0.005793,0,0.382321,0.005793,0,0.35915,0,0,0,0,0.002896,0.002896,0,38.741818,0.379424,0,0,0,0,0.240399,0,0,0.002896,0.005793,0,3.892719,2.667555,0,0,0.011585,0.605341,0,0,0.165093,0,0,0,0,0.341771,0.002896,0,0.002896,0,0,0.110062,0,1.601691,0,0.12744,0,0.29543,0.023171,0,2.644384,0,32.259746,0.081098,0.002896,0.002896,0.005793,0
E4,0,0,0,0.005785,0.014463,0,0,0.002893,0,0.002893,0,0,0,0,0,0,0,0.002893,0,0.01157,0.043388,0,0.101238,0.005785,0,0.095453,0,0,0,0,0,0,0.769409,0.827259,0,0,0,0.052065,0.005785,0,0,0,0.014463,0,0,0,0.97767,0.002893,0.002893,0.008678,0.005785,0,0,0,0,0,0.002893,0,0,2.481777,0.03471,0,0,0,0,0.008678,0,0,0,0.028925,0,0.454125,0,0,0,0,0,0.066528,0,0,0,0.008678,0.352887,0,0,0,0.271896,0,0,0.05785,0,0,0,0,0.002893,0,0.002893,0,0,0.028925,0.002893,0,0,0,0,0.01157,0,0.002893,0,0,0.002893,0,0,0,0,0,0,0.040495,0.002893,0.173551,0,0.005785,0,0.002893,0.014463,0.026033,0,0.060743,0.020248,0.002893,0.231401,0,0,0,0,0,0,0,51.706583,0.130163,0,0,0,0,0.133056,0,0,0,0,0,4.824714,2.455745,0.008678,0.104131,0.063635,0.222724,0,0,0.002893,0,0,0.008678,0,0.144626,0,0,0,0,0,0.01157,0.005785,2.206988,0,0,0.002893,0.008678,0.005785,0.002893,4.066875,0,26.521462,0,0,0,0.002893,0
E5,0,0,0,0.065174,0.061915,0,0,0,0,0,0,0,0,0,0,0,0,0,0.006517,0,0.02607,0,0.061915,0.003259,0,0.039105,0,0,0,0.048881,0,0,0.521393,0.081468,0.006517,0,0,0.013035,0.006517,0,0,0,0,0,0,0,0.407339,0,0,0.006517,0.003259,0,0.003259,0,0,0,0.02607,0,0,0.684329,0.006517,0,0,0,0,0.009776,0,0,0,0,0,0.387786,0,0,0,0,0.003259,0.058657,0,0,0,0.013035,0.211816,0,0,0,0.306319,0,0,0.07495,0,0,0,0,0.006517,0,0,0,0,0.032587,0,0,0,0,0,0.071692,0,0,0,0,0,0,0.003259,0.003259,0,0,0,0.019552,0,0.009776,0,0,0,0.02607,0.013035,0.006517,0,0.32913,0.013035,0.003259,0.446443,0,0,0,0,0,0,0,47.694463,0.410597,0,0,0,0,0.061915,0,0,0,0.02607,0,1.316518,7.954508,0,0.065174,0.12709,0.482289,0,0,0.091244,0,0,0,0,0.104279,0,0,0,0,0,0.17597,0,0.912438,0,0.003259,0,0,0.019552,0,1.352364,0,35.063708,0,0.006517,0,0.003259,0
E6,0,0.008362,0.002787,0.482203,0.019511,0,0,0,0,0,0,0,0,0,0,0.005575,0,0.005575,0,0,0.027873,0,0.044597,0,0,0.108705,0,0,0.005575,0,0,0,0.62993,0.136578,0,0.002787,0,0.039022,0,0,0,0,0.002787,0,0,0,1.265435,0,0.005575,0.008362,0.013937,0,0.008362,0,0,0,0.033448,0,0.002787,0.84734,0.025086,0,0,0,0,0.002787,0,0,0.008362,0.019511,0,0.437606,0,0,0,0,0,0.114279,0,0,0.008362,0.047384,0.359562,0,0,0,0.850127,0,0,1.226412,0,0,0,0,0,0,0,0.002787,0,0.022298,0,0,0.013937,0,0,0.058533,0.002787,0.002787,0,0,0,0,0,0,0,0.011149,0.005575,0.03066,0.002787,0.052959,0,0,0,0.066895,3.124564,0.016724,0,0.7024,0.080832,0,0.643867,0,0,0,0,0,0,0,29.266661,0.061321,0,0,0.002787,0,0.097556,0,0,0,0,0,10.084455,2.040304,0.013937,0.008362,0.195111,0.529587,0,0,0.091981,0.002787,0.002787,0,0,0.281517,0,0.005575,0.002787,0,0,0.011149,0,6.438665,0.069683,3.255568,0.002787,0.002787,0.025086,0.008362,1.505143,0,34.283803,0.002787,0.04181,0,0.016724,0
E7,0,0,0,0.013926,0.011141,0,0.002785,0,0,0,0,0.125331,0,0,0,0,0,0,0,0,0.069628,0,0,0.002785,0,0.008355,0.002785,0.002785,0,0.00557,0,0,0.615513,0.125331,0,0.069628,0,0.022281,0,0,0,0.002785,0.011141,0,0,0,0.593232,0,0.069628,0,0.033422,0,0,0,0,0,0.389918,0,0,0.729703,0.011141,0,0,0,0,0.033422,0,0,0,0.044562,0,0.270157,0,0,0,0,0,0.094694,0,0,0,0.030636,0.272942,0,0,0,7.068653,0,0,0.381562,0,0,0,0,0,0,0.019496,0,0,0.008355,0,0,0.002785,0,0,0.130901,0,0.008355,0,0,0,0,0.002785,0,0,0.00557,0,0.022281,0,0.011141,0,0,0,0.133686,10.594625,0.066843,0,0.579307,0.008355,0,0.231166,0,0,0,0,0,0,0,26.890405,0.181033,0,0,0.011141,0,0.130901,0,0,0,0.011141,0,0.523604,1.659936,0,0.147612,0.172678,0.751984,0,0,0.022281,0.002785,0.075198,0.002785,0,0.626654,0,0.013926,0,0,0,0.030636,0,4.308592,0,0.008355,0,0.016711,0.019496,0.002785,5.3558,0,35.549366,0.025066,0.481827,0,0.036207,0
E8,0,0.008577,0,0.749064,0.02859,0,0.002859,0,0,0,0,0,0,0,0.005718,0,0,0,0,0,0.082912,0,0.008577,0.005718,0,0.025731,0,0,0,0.02859,0,0,0.185836,4.634474,0,0,0,0.05718,0,0,0,0,0.002859,0,0.002859,0,1.300855,0,0.08863,0,0.022872,0,0.002859,0,0,0,0.105784,0,0,0.811962,0.014295,0,0,0,0,0.008577,0,0,0,0.02859,0,0.191554,0,0,0,0.002859,0,0.091489,0,0,0.002859,0.08863,0.454584,0,0,0,1.721131,0,0.005718,0.325928,0,0,0.002859,0.008577,0,0,0.005718,0,0,0.031449,0,0,0,0.025731,0.011436,0.082912,0,0.002859,0,0,0,0,0.002859,0,0,0,0,0.042885,0.002859,0.002859,0.02859,0.002859,0,0.080053,0.920605,0.002859,0,0.220145,0.082912,0,0.074335,0,0,0,0.002859,0,0,0,16.242102,0.268748,0,0,0,0,0.111502,0,0,0,0.014295,0.002859,2.51308,2.310089,0,0.051462,0.271607,1.349458,0.002859,0,0.005718,0,0,0,0,0.040026,0,0,0.002859,0,0,0.008577,0,4.477228,0,0.411699,0,0.008577,0.008577,0.005718,1.235097,0,57.8037,0,0.08863,0,0.02859,0
E9,0,0.007656,0,0.020415,0.010208,0,0,0,0,0.002552,0,0,0.002552,0.010208,0.010208,0,0,0.005104,0,0,0.061246,0,0,0,0,0.275609,0,0,0.002552,0.043383,0.002552,0,0.173531,0.691574,0,0.094421,0,0.051039,0.010208,0,0,0,0.010208,0.002552,0.002552,0,2.187006,0.005104,0.318991,0,1.569438,0,0,0,0,0.002552,0.06635,0,0,1.051396,0.020415,0,0,0,0,0.048487,0,0,0.002552,0.058694,0,0.385342,0,0,0,0.002552,0,0.007656,0,0,0,0.017864,0.839586,0,0,0,0.602256,0,0,3.67223,0,0,0,0,0,0,0.022967,0,0,0.028071,0,0,0.005104,0,0,0.326647,0.002552,0.002552,0,0,0,0,0,0,0,0,0,0.053591,0,0.329199,0.022967,0,0,0.010208,0.048487,0.020415,0,0.193947,0.043383,0,0.867657,0.005104,0,0,0,0.015312,0,0,37.921707,1.125402,0,0,0.002552,0,0.022967,0,0,0,0.030623,0,0.015312,1.822079,0.01276,0.030623,0.114837,0.071454,0,0,2.3784,0,0,0,0,0.063798,0.005104,0.005104,0,0,0,2.125759,0,3.965702,0,1.967539,0,0.002552,0.035727,0.007656,0.426173,0,33.481345,0,0.015312,0,0.002552,0
E10,0,0.00592,0,0.00592,0.00888,0,0.00296,0,0,0,0,0,0.00888,0.00296,0,0,0,0,0,0,0.02072,0,0.133199,0,0,0.079919,0,0,0,0.00592,0,0,0.464717,0.263438,0,0.349278,0,0,0.00296,0,0,0,0.01184,0,0,0,0.600876,0,0.04736,0,0,0,0.00592,0.00296,0,0,0.02368,0,0,0.754795,0.00888,0.03256,0,0,0,0.00592,0,0,0,0.02072,0,0.06512,0,0,0,0,0,0.612716,0,0,0.00296,0.00296,0.103599,0.00296,0,0,14.438788,0,0,0.00888,0,0,0,0,0.00296,0,0.00296,0,0,0.00592,0,0,0.00592,0,0.00592,0.06512,0,0,0,0,0,0,0,0,0.00296,0,0.221999,0.0148,0,0.0148,0.00888,0,0,0.082879,0.02072,0.183519,0,0.07104,0.112479,0,0.319678,0,0,0,0,0,0,0,34.619938,0.186479,0,0,0.00296,0.00296,0.165759,0,0,0,0.103599,0,0.245678,0.822875,0,0.02368,0.074,0.725195,0,0.03848,0.06216,0,0.06216,0,0,0.097679,0,0,0,0,0,0.109519,0,2.468624,0.00592,0.405517,0,0.00296,0.01776,0,6.213,0,34.104902,0.142079,0.02368,0,0.02072,0
E11,0,0.010798,0.002699,0.010798,0.037792,0,0,0,0,0.002699,0,0,0.010798,0,0,0,0,0,0,0,0.04859,0,0.070185,0,0,0.102578,0,0,0,0.005399,0,0,1.414496,0.399514,0,0,0,0.067485,0.002699,0,0,0,0,0,0,0,0.861115,0,0.040491,0,0.221352,0,0.010798,0,0,0.005399,0.072884,0,0,0.707248,0.010798,0,0,0,0,0.008098,0,0,0,0.008098,0,0.28074,0,0,0,0,0,0.070185,0,0,0,0.051289,0.504791,0,0,0,1.76812,0,0,0.083682,0,0,0,0,0,0,0.005399,0,0,0.032393,0.002699,0,0,0,0.029694,0.04859,0,0,0,0,0,0,0.002699,0,0,0,0.002699,0.04589,0,0.005399,0.024295,0,0,0.124173,5.598596,0.002699,0,1.997571,0.029694,0,0.707248,0.002699,0,0,0,0,0,0,34.549872,0.396815,0,0,0,0,0.080983,0,0,0,0.002699,0,2.267512,1.465785,0,0.067485,0.453502,1.087866,0,0.010798,0.37252,0,0,0,0,0.245647,0,0.008098,0.005399,0,0,0.075584,0,1.498178,0,0.65056,0,0.008098,0.013497,0.005399,1.603455,0,39.481711,0,0.056688,0,0.037792,0
E12,0,0.005764,0,0,0.011528,0,0,0,0,0,0,0.002882,0.005764,0,0,0,0,0.002882,0.002882,0,0.066284,0,0.046111,0,0,0.083576,0,0,0,0.008646,0,0,0.190207,2.247903,0,0.129687,0,0.020173,0.002882,0,0.002882,0,0.031701,0,0,0,0.962564,0,0.025937,0,0.06052,0,0.011528,0,0,0,0.043229,0,0,1.426554,0.002882,0,0,0,0,0.01441,0,0,0,0.025937,0,0.302602,0,0,0,0,0,0.028819,0,0,0,0.020173,0.115277,0,0,0,0.904925,0,0,0.07493,0.002882,0,0,0.002882,0,0,0.002882,0,0,0.023055,0,0,0.017292,0,0,0.121041,0.025937,0,0,0,0,0,0,0,0.002882,0,0,0.011528,0,0.069166,0,0.002882,0,0.046111,0.002882,0.002882,0.005764,0.247846,0.011528,0,0.383296,0,0,0,0,0,0,0,51.589383,0.406352,0,0,0,0,0.161388,0,0,0,0.011528,0,1.533185,1.991412,0,0.063402,0.423643,0.259373,0,0,0.172916,0.002882,0,0,0,0.14986,0,0.002882,0,0,0,0.146978,0,6.219199,0,0.602323,0,0.008646,0.034583,0.002882,2.671547,0.005764,25.620335,0,0.031701,0.002882,0.020173,0
E13,0,0,0,0.012526,0.016701,0.010438,0.002088,0,0,0,0,0.098119,0,0,0,0,0,0,0,0.066804,0.006263,0,0.010438,0,0,0.050103,0,0,0,0.016701,0,0,0.60124,0.002088,0.002088,0.004175,0,0,0,0,0,0,0,0,0,0,0.033402,0.052191,0,0,0,0,0.002088,0,0,0,0.006263,0.002088,0,0.012526,0.004175,0,0,0,0,0.008351,0,0,0.002088,0,0,0.087681,0.002088,0,0,0,0,0,0,0,0.004175,0,0.118995,0,0.002088,0,6.187762,0,0.002088,0.004175,0,0,0,0,0,0,0.002088,0,0,0.012526,0,0,0,0,0,0.254692,0,0,0,0,0,0,0,0,0,0.018789,0.056366,0.002088,0.002088,0.004175,0,0.002088,0,0.010438,0,0.07098,0,0.753638,0.008351,0,0.087681,0,0,0,0,0.002088,0,0,12.843156,0.010438,0,0,0.002088,0,0.200413,0,0,0.008351,0.014613,0.002088,0,1.35279,0,0,0.192063,0.26513,0,1.346527,0.060542,0,0,0,0,0.154485,0,0,0,0,0,0.004175,0,15.060228,0,0.054279,0,0,0.002088,0,8.588547,0,51.10123,0.006263,0.010438,0,0,0
E14,0,0,0,0.052499,0.026249,0,0,0,0,0,0,0.002625,0,0.002625,0,0,0,0,0.002625,0.00525,0.120748,0.002625,0.021,0,0,0.041999,0,0,0,0.023625,0,0,0.364868,4.281289,0,0.00525,0,0.0105,0,0,0,0,0,0,0,0,1.51722,0,0.002625,0.00525,0,0,0.007875,0,0,0.002625,0.023625,0,0,0.209996,0.002625,0,0.002625,0,0,0.002625,0,0,0,0.01575,0,0.23362,0,0.002625,0,0,0,0.007875,0,0,0,0,0.173247,0,0,0.002625,10.190046,0,0,0.00525,0.002625,0,0,0,0,0,0.018375,0,0,0.062999,0,0,0.002625,0,0,0.275619,0,0.00525,0,0,0,0,0,0,0.002625,0.083998,0.00525,0.076123,0.002625,0.146997,0.007875,0,0,0.23362,0,0.167997,0,0.230995,0.136497,0,0.107623,0,0,0,0,0.002625,0,0,20.217346,0.031499,0,0,0,0,0.181121,0,0,0,0.028874,0,0.0105,1.824339,0,0,0.24937,1.606468,0,0.165372,0.120748,0,0.073499,0,0,0.104998,0,0,0,0,0,0.057749,0,5.945506,0,1.283599,0,0.00525,0.026249,0,9.557434,0,39.555334,0.002625,0.00525,0.002625,0,0
E15,0,0,0,0.007656,0.010209,0,0,0.005104,0,0,0,0,0,0,0,0.010209,0,0,0,0,0.010209,0,0.089324,0,0,0.354746,0,0,0,0.030626,0,0,0.548707,1.133144,0,0.464487,0,0.002552,0,0,0,0,0.07146,0,0,0,0.510425,0,0,0.002552,0.010209,0,0.002552,0,0,0,0.005104,0,0,0.079116,0.002552,0,0,0,0,0.010209,0,0,0,0.022969,0,0.104637,0,0,0,0,0,0.010209,0,0,0.002552,0,0.104637,0,0.002552,0,12.188959,0,0,0.257765,0.002552,0,0,0,0.002552,0.002552,0.096981,0,0,0.010209,0.002552,0,0,0,0.063803,0.724804,0,0.002552,0,0,0,0,0,0,0,0,0.117398,0.033178,0,0.079116,0.005104,0,0,0.030626,0,0.326672,0,0.012761,0.022969,0,0.061251,0,0.002552,0,0,0,0,0,42.156037,0.140367,0,0,0,0,0.158232,0,0,0,0.293495,0,0.025521,1.020851,0,0,0.086772,0.329224,0,0.020417,1.715029,0,0.022969,0,0,0.063803,0,0,0,0,0,0.063803,0,5.788224,0,0.056147,0,0,0.017865,0,9.417349,0,20.927443,0,0.030626,0,0.010209,0
E16,0,0,0,0.064905,0.005192,0.005192,0,0,0,0,0,0.002596,0,0,0.002596,0.023366,0,0,0,0.005192,0.010385,0,0.002596,0.002596,0,0.103848,0,0,0,0.007789,0,0,0.495872,0,0.002596,0,0,0,0,0,0,0,0.007789,0,0,0,0.529623,0.007789,0.002596,0.007789,0.015577,0,0.005192,0,0,0,0.007789,0,0,0.137598,0.007789,0,0,0,0,0.002596,0,0,0,0.005192,0,0.270004,0,0.049328,0,0,0,0.002596,0,0,0,0,0.140194,0.002596,0,0.002596,18.689963,0,0,0.002596,0.007789,0.002596,0,0,0,0.007789,0.012981,0,0,0.015577,0,0.002596,0.002596,0,0,0.184329,0,0,0,0,0.002596,0,0.002596,0,0,0.072693,0.044135,0.010385,0,0.031154,0,0.002596,0,0.023366,0,0.046731,0.005192,0.093463,0,0,0.085674,0,0,0,0,0.002596,0,0.007789,44.862142,0.036347,0,0,0,0,0.160964,0,0,0,0.002596,0.010385,0,1.51877,0,0.049328,0.098655,1.949738,0,0.075289,0.077886,0.002596,0.059712,0,0,0.155771,0,0,0,0,0,0.03375,0.049328,2.910328,0,0.288177,0,0,0,0.002596,6.926632,0,19.424685,0,0,0.005192,0,0
E17,0,0,0,0,0.002533,0,0,0,0,0,0,0,0,0.005065,0,0.035457,0,0,0,0,0.096239,0,0,0,0,0.093706,0,0,0,0.007598,0,0,0.18488,8.367735,0,0,0,0.032924,0,0,0,0,0.025326,0,0,0,0.962391,0,0,0.017728,0,0,0.012663,0,0,0.002533,0.005065,0,0,0.195011,0,0,0,0,0,0.012663,0,0,0,0.002533,0,0.113967,0,0.078511,0,0,0,0.015196,0,0,0,0,0.144359,0,0,0.002533,13.098645,0,0,0.065848,0,0,0,0,0.002533,0,0.022793,0,0,0.022793,0,0,0.002533,0.007598,0,0.926934,0,0.002533,0,0,0,0,0,0,0,0,0.043054,0.020261,0,0.065848,0.01013,0,0,0.017728,0,0.065848,0,0.162087,0.037989,0,0.159554,0.002533,0,0,0,0,0,0,29.537799,0.037989,0,0,0,0,0.045587,0,0,0,0.288717,0,0,5.564138,0,0.050652,0.121565,1.12701,0,0.083576,0.045587,0.002533,0.005065,0,0,0.073446,0,0,0,0,0,0.040522,0,3.917944,0,0.387489,0,0,0.022793,0,9.90756,0,23.538052,0,0.04812,0,0,0
E18,0,0.002476,0,0.019806,0.061893,0,0,0,0.002476,0,0,0.002476,0,0,0.002476,0.009903,0,0,0.002476,0.004951,0.103981,0,0.136166,0,0,0.11636,0,0,0,0.014854,0,0,0.220341,2.327194,0,0,0,0.022282,0.002476,0,0,0,0.037136,0,0,0,0.641216,0.009903,0.009903,0.002476,0.012379,0,0.064369,0.002476,0,0,0.069321,0,0,0.383739,0.014854,0,0,0,0,0.007427,0,0,0,0.113884,0,0.4184,0,0,0,0.002476,0,0.09903,0,0,0,0,0.259952,0,0,0,1.765201,0,0,3.513072,0,0,0,0,0.002476,0,0.044563,0,0,0.064369,0,0,0,0,0.004951,0.334225,0,0.002476,0,0,0,0,0,0,0,0,0,0.094078,0.004951,0.108932,0.007427,0.007427,0,0.118835,0.009903,0.007427,0,0.708061,0.05199,0,0.170826,0,0,0,0,0,0,0,10.796692,0.113884,0,0,0,0,0.45306,0,0,0,0.066845,0,0.009903,1.673599,0.002476,0.019806,1.309665,0.945732,0,0.175777,0.094078,0,0,0,0,0.262428,0,0.024757,0,0,0,0.044563,0,9.79897,0,1.0918,0,0.009903,0.042088,0.009903,5.092593,0,55.221331,0,0.507526,0,0.009903,0
L1,0,0,0,0.013538,0.002256,0.01805,0,0,0.002256,0,0,0,0,0.002256,0,0.011281,0.002256,0,0,0.045125,0,0,0,0,0,0.004513,0,0,0,0.004513,0,0,0.448997,0,0,0,0,0,0,0,0,0,0,0,0,0,0.124095,0,0,0.013538,0,0,0,0,0,0,0,0,0,0.031588,0.002256,0,0,0,0,0.009025,0,0,0,0.002256,0,0.218858,0,0.004513,0,0,0,0,0,0,0,0,0.033844,0.002256,0,0,1.001782,0,0,0,0.002256,0,0,0,0.011281,0,0.024819,0,0,0,0,0,0,0,0,0.286546,0.040613,0,0,0,0,0,0,0,0,0.230139,0.888969,0.002256,0.002256,0.033844,0,0.002256,0,0.002256,0,0.067688,0.013538,0.069944,0.004513,0,0,0,0,0,0,0,0,0,52.767311,0,0,0,0.002256,0,0.672368,0,0,0,0.051894,0,0,0.620473,0,0,0.006769,0.033844,0,0.01805,0.038357,0.002256,0.164707,0,0,1.340222,0,0,0,0,0,0,0,4.778773,0,10.550303,0,0,0.006769,0.006769,3.106879,0,22.145258,0,0.002256,0,0.002256,0
L2,0.002151,0,0,0,0.002151,0.034414,0,0,0,0,0,0.077431,0,0,0.002151,0.006453,0,0,0,0,0.008603,0,0,0,0,0.010754,0.017207,0,0,0.004302,0,0,0.341987,0.021509,0,0,0,0,0.002151,0,0,0,0.004302,0,0,0,0.412965,0.008603,0,0.002151,0,0,0,0,0,0,0.004302,0,0,0.047319,0,0,0,0,0.002151,0.006453,0,0,0,0.002151,0,0.303271,0,0,0,0,0,0.002151,0,0,0,0,0.991547,0,0,0,0.135504,0,0,0.010754,0,0,0,0,0.002151,0,0.129052,0,0,0.010754,0.02581,0,0,0,0,0.090336,0,0,0,0,0,0,0,0,0,0.118297,1.391607,0.002151,0.002151,0.060224,0,0,0,0.047319,0,0.247349,0,0.060224,0.010754,0,0.015056,0.002151,0,0,0,0.002151,0,0,42.339707,0.006453,0,0,0.004302,0,0.911965,0,0,0,0.010754,0,0,2.839137,0,0.006453,0.002151,0.804422,0,0.038716,0.210784,0.004302,0.017207,0,0,0.595789,0,0,0,0,0,0.004302,0,6.844041,0,0.131203,0,0,0.002151,0,4.286667,0,36.252769,0,0.002151,0,0.002151,0
L3,0.02816,0,0.002166,0,0.004332,0,0,0,0,0,0.049822,0,0,6.481241,0.006499,0,0,0,0,0,0.25561,0.025994,0,0,0.002166,0,0,0,0,0,0,0.002166,0.004332,0.002166,0,0.056321,0,0.231782,0,0,0,0,0,0.002166,0.153799,0,0.019496,0.004332,0,0,0,0.015163,0.071484,0,0.006499,0.259943,0.190625,0.192791,0,4.728793,0.114808,0.082315,0,0.002166,0,0,0.002166,0.006499,0,0,0,0.27294,0,0,0,0,0,0,0.138636,0.002166,0.18196,0,2.395806,0.006499,0.134304,0,0,0,0.006499,0,0,0,0,0,0,0,0.004332,0,0.008665,0.043324,0,0,0,0,0.006499,0,0,0,0,0,0,0.006499,0,0,0,0,0,2.998007,0,0.008665,0,0,0.036825,0,0,0,0,0.552378,0,0,0,0,0,0.002166,0.010831,0.01733,0,0,0.021662,0,0.012997,0,0,0,0,0,0,0.259943,0.149467,0,0,0.428906,0,0,2.00156,0.077983,0,0,0,0,0,0.223118,0.004332,0,0,0,0.051989,0,0,0,0.021662,0.006499,0,0,0,0.002166,0,0,0.006499,0.361754,76.375531,0,0.151633,0,0.002166,0
L4,0,0,0,0,0,0.018081,0.015821,0,0.00226,0,0,0,0,0.00226,0.00678,0.036162,0,0,0,0.00452,0.009041,0,0,0.00226,0,0.00226,0.00226,0,0,0.648661,0,0,0.090406,0.090406,0,0,0,0,0.00226,0,0,0,1.062267,0,0.00452,0,7.957961,0.00226,0,0.024862,0,0,0.00452,0,0,0,0.009041,0,0,0.180811,0.063284,0,0,0,0,0.00452,0,0,0,0.047463,0,0.246356,0,0,0,0,0,0,0.033902,0,0,0,2.935925,0,0,0.00452,0.045203,0,0.011301,0.042943,0,0,0,0,0.015821,0,2.958526,0,0,0.131088,0,0.108487,0,0,0,1.10521,0,0,0,0,0,0,0,0,0,0.357102,0.255396,0.011301,0.00226,1.699627,0,0,0,0,0,1.026105,0.011301,0.106227,0,0,0.065544,0.00226,0,0,0,0.00226,0,0,6.66742,0.00678,0,0,0.009041,0,0.022601,0,0,0,0.00226,0,0,31.707538,0,0,0.024862,2.06351,0,0.144649,0.024862,0.00226,0.042943,0,0,0.013561,0,0,0,0,0,0.343542,0.00678,3.137078,0,0.018081,0,0,0.018081,0,0.370663,0,33.895355,0,0,0.00226,0,0.00226
L5,0,0,0,0.014368,0.062262,0,0,0,0,0,0,0,0,0,0,0.009579,0,0.002395,0,0,0.004789,0,0.011973,0,0,0.225101,0.002395,0,0.011973,0.067051,0,0,1.135085,0.071841,0.002395,0.002395,0.002395,0.004789,0,0,0,0,0,0,0,0,0.435834,0.009579,0.203549,0,0.011973,0,0,0,0,0.009579,0.059867,0,0,0.023947,0.011973,0.002395,0,0,0,0.043104,0,0,0,0.007184,0.002395,0.318494,0,0,0,0,0.002395,0.107761,0,0,0.002395,0.148471,0.562753,0.002395,0,0.002395,0.450202,0,0,0.016763,0,0,0,0,0,0,0.019158,0,0,0.052683,0,0,0,0,0,0.014368,0.002395,0,0,0,0,0,0.007184,0,0,0.023947,0.011973,0.038315,0.009579,0.033526,0,0.002395,0,0.181997,39.450178,0.071841,0,0.186786,0,0,0.304126,0,0,0,0,0,0,0,16.913719,0.028736,0,0,0,0,1.609234,0,0,0,0.004789,0.004789,0.04071,1.374554,0,0,0.064657,0.210733,0,0.002395,0.225101,0,0.045499,0,0,0.639383,0,0,0,0,0,0.038315,0,5.172538,0,0.088604,0,2.004358,0.004789,0.004789,1.427237,0,25.580114,0,0.002395,0,0.03592,0
L6,0,0,0,0.002424,0.002424,0.041203,0,0.002424,0,0,0,0.004847,0,0,0,0.038779,0,0,0,0.007271,0.009695,0,0,0.002424,0.002424,0.041203,0,0,0,0.324778,0,0,0.635013,25.844058,0,0,0,0,0,0,0,0,0.002424,0,0,0,0.843452,0,0,0,0.012119,0,0,0.002424,0,0,0.043627,0,0,0.096949,0.012119,0,0,0,0,0.111491,0,0,0.002424,0.029085,0,0.722267,0,0,0.002424,0,0,0.012119,0,0,0,0,0.734385,0,0.002424,0,0.586539,0,0,1.325771,0,0,0,0,0.007271,0,0.220558,0,0,0.048474,0.012119,0,0,0,0,1.003417,0,0.002424,0,0,0,0,0,0,0,0.186626,0.242371,0.029085,0,0.571996,0.109067,0,0,0.024237,0,1.386364,0.055745,0.862842,0.009695,0,0.002424,0,0,0,0,0,0,0,23.897816,0.002424,0,0.002424,0,0,0.971909,0,0,0.002424,0.055745,0,0,10.540731,0,0,0.109067,0.407184,0,0,1.255484,0.007271,0.392642,0,0,0.138152,0,0,0,0,0,0.2351,0,9.416127,0,0.874961,0,0,0.01939,0.002424,2.300104,0,13.08563,0,0.007271,0,0,0
L7,0,0,0,0.016922,0,0.074939,0,0,0,0,0,0.029009,0,0,0,0.038678,0,0.002417,0.002417,0.007252,0.002417,0,0,0.004835,0,0.113617,0,0,0,0.016922,0,0,0.21273,0.082191,0,0.00967,0,0.007252,0,0,0,0,0.002417,0,0,0,0.657529,0,0.029009,0.038678,0,0,0,0,0,0,0.007252,0.002417,0,0.041096,0.007252,0,0,0,0,0.033843,0,0,0,0.004835,0,0.149878,0,0,0,0,0,0.060435,0,0,0,0,0.331182,0,0,0,0.026591,0,0,1.344067,0,0,0,0.002417,0,0,0.041096,0,0,0.058017,0,0,0,0,0,0.029009,0,0.029009,0,0,0,0,0.002417,0,0,0.176469,0.763894,0.016922,0.004835,0.060435,0,0,0,0.024174,0,0.113617,0.007252,0.277999,0.227234,0,0.024174,0,0.002417,0,0,0,0,0,30.809583,0.004835,0,0,0.012087,0,1.027389,0,0,0.002417,0.048348,0,0.002417,10.198951,0,0.033843,0.135374,0.012087,0,0,0.142626,0.004835,0,0,0,0.140208,0,0.004835,0,0,0,0.024174,0,12.024077,0,0.029009,0,0,0.007252,0.002417,2.327943,0,37.735393,0.019339,0.029009,0,0.002417,0
L8,0,0,0,0.004821,0.007231,0.016872,0,0,0,0,0,0.007231,0,0,0.007231,0.021692,0,0,0,0.081949,0.007231,0,0,0,0,0.007231,0.00241,0,0,0.00241,0,0,0.571236,0.216925,0.00241,0,0,0.004821,0,0,0,0,0.012051,0,0,0.00241,0.590518,0.00241,0,0.007231,0,0,0,0,0,0,0.009641,0.00241,0,0.048206,0.012051,0,0.00241,0,0.00241,0,0,0,0,0.016872,0,0.137386,0,0,0,0,0,0.033744,0,0,0,0,0.226566,0,0,0,1.142471,0,0.00241,0.007231,0,0,0,0,0,0,0.014462,0,0,0.024103,0,0,0.007231,0,0,0.110873,0,0.00241,0,0,0,0,0,0,0,0.149437,0.629082,0.009641,0.00241,0.009641,0,0,0,0.009641,0,0.192822,0.007231,0.207284,0.004821,0,0.004821,0,0,0,0,0.004821,0,0,46.320712,0.007231,0,0,0.00241,0,0.209694,0,0,0,0.036154,0,0,3.960086,0,0.00241,0.026513,0.684519,0,0.028923,0.016872,0.007231,0.007231,0,0,0.17595,0,0,0,0,0,0.021692,0,5.382149,0,0,0,0,0.00241,0.007231,4.960351,0,33.529369,0,0,0,0,0
L9,0,0,0,0,0,0.024955,0,0,0,0,0,0,0,0,0,0.022686,0,0,0,0.038566,0,0,0,0,0,0.004537,0,0,0,0.004537,0,0,0.09755,2.760889,0.002269,0,0,0.002269,0,0,0,0,0.002269,0,0,0,0.147459,0.002269,0,0.047641,0,0,0.002269,0,0,0.049909,0.004537,0,0,0.068058,0.002269,0,0,0,0,0.004537,0,0,0,0,0,0.12931,0,0,0,0,0,0.002269,0,0,0,0,0.136116,0,0,0,0.385662,0,0,0.002269,0.002269,0,0,0,0,0,0.047641,0,0,0.01588,0,0,0,0,0,0.188294,0,0.004537,0,0,0,0,0,0,0,0.043103,2.459165,0.011343,0,0.029492,0,0,0,0.006806,0,0.124773,0,0.372051,0.002269,0,0.002269,0,0,0,0,0,0,0,38.818058,0.002269,0,0,0,0,0.32441,0,0,0,0.018149,0,0,3.561706,0,0.002269,0.056715,0.020417,0,0.018149,0.006806,0,0,0,0,0.111162,0,0,0,0,0,0.009074,0.002269,6.919238,0,0.034029,0,0,0,0.002269,3.364338,0,39.471416,0,0,0,0.002269,0
L10,0,0,0,0.008568,0,0.134941,0,0,0,0,0,0.002142,0,0,0,0.032129,0,0,0,0.008568,0,0,0,0,0,0.027845,0,0,0,0.006426,0,0,0.250605,0.034271,0.002142,0.002142,0,0,0,0,0,0,0.012852,0,0,0,0.265599,0,0,0.002142,0,0,0,0,0,0,0.01071,0,0,0.01071,0.008568,0,0,0,0,0.002142,0,0,0,0.01071,0,0.152077,0,0,0,0,0,0.019277,0,0,0.002142,0,0.194915,0,0,0.008568,1.188768,0,0,0.004284,0.002142,0,0,0,0.002142,0,0.051406,0,0,0.006426,0.017135,0,0,0,0,0.391972,0,0,0,0,0,0,0,0,0,0.351276,0.974575,0.004284,0,0.008568,0,0,0,0.006426,0,0.047122,0.002142,0.130657,0,0,0.002142,0,0,0,0,0,0,0,51.183413,0,0,0,0.004284,0,0.182064,0,0,0.002142,0.027845,0,0,4.926425,0,0,0.079251,1.662133,0,0.302011,0.164928,0,0.008568,0,0,0.109238,0,0.002142,0,0,0,0,0,10.923812,0,0.032129,0,0,0.002142,0.002142,1.561463,0,24.422216,0,0,0,0,0
L11,0,0,0,0,0,0.034141,0,0,0,0,0,0.01138,0,0,0,0.015933,0,0,0,0.036417,0,0,0,0,0,0.029589,0,0,0,0.004552,0,0,0.30272,0,0,0.002276,0,0.002276,0,0,0,0,0.018209,0,0,0,0.075111,0.002276,0,0.002276,0,0,0,0,0,0.002276,0.020485,0,0,0.009104,0,0,0,0,0,0.013657,0,0,0,0,0,0.097872,0,0,0,0,0,0,0,0,0,0,0.257198,0,0,0.004552,1.552293,0,0,0.002276,0,0,0,0,0,0,0.004552,0,0,0.013657,0,0,0,0,0,0.282235,0,0,0,0,0,0,0,0,0,0.330033,0.746557,0.013657,0,0.01138,0,0,0,0,0,0.25037,0,0.020485,0.002276,0,0.002276,0,0,0,0,0,0,0,56.979629,0.004552,0,0,0.002276,0,0.2094,0,0,0,0,0,0,0.878571,0,0.002276,0.013657,0.496188,0,0.234437,0.018209,0,0.013657,0,0,1.090247,0.002276,0,0,0,0,0.002276,0,3.04996,0,0.04097,0,0,0,0.002276,9.976101,0,22.808695,0,0,0,0,0
L12,0,0,0,0.010358,0,0.109799,0,0,0,0,0,0,0,0,0,0.01243,0,0,0,0.014502,0,0,0,0.002072,0,0.004143,0,0,0,0,0,0,0.132588,0,0,0,0,0,0,0,0,0,0.002072,0,0,0.004143,0.273462,0,0,0.016573,0,0,0,0,0,0,0.004143,0,0,0.002072,0,0,0,0,0,0.004143,0,0,0,0.002072,0,0.188523,0,0,0,0,0,0,0,0,0.004143,0,0.760307,0,0,0.01243,0.25896,0,0,0,0,0,0,0,0,0,0.022788,0,0,0.01243,0.002072,0,0,0,0,0.151233,0,0,0,0,0,0,0,0,0.002072,0.629791,0.426766,0.004143,0.002072,0.01243,0,0,0,0.008287,0,0.760307,0,0.022788,0.002072,0,0,0,0,0,0,0,0,0,39.709965,0,0,0,0.006215,0,0.602859,0,0,0,0.014502,0,0,0.662938,0,0.002072,0.116014,0.476486,0,0.022788,0.084939,0,0.002072,0,0,0.464056,0,0,0,0,0,0,0.002072,7.155583,0,0.06215,0,0,0.002072,0.004143,2.142117,0.002072,44.5867,0,0,0,0,0
L13,0,0,0,0.045577,0.009115,0.031904,0,0,0,0,0,0,0,0,0,0.002279,0,0,0,0.170913,0.018231,0,0.011394,0,0,0.009115,0,0,0,0,0,0,0.230163,0.088875,0,0.029625,0,0,0,0,0,0,0.002279,0,0,0,0.041019,0,0,0.002279,0,0,0,0.002279,0,0,0.013673,0,0,0.009115,0.011394,0,0,0,0,0.009115,0,0,0,0.009115,0,0.022788,0,0,0,0,0,0,0,0.002279,0.022788,0,0.139009,0,0,0.004558,1.344515,0,0,0.011394,0,0,0,0,0,0,0,0,0,0.002279,0.045577,0,0,0,0,0.221047,0,0,0,0.002279,0,0,0,0,0,0.273461,0.186865,0,0,0.002279,0,0,0,0.004558,0.018231,0.068365,0,0.056971,0,0,0.050134,0,0,0,0,0,0,0,42.263343,0.006837,0,0,0.006837,0,0.095711,0,0,0,0.070644,0,0.013673,0.334989,0,0,0.05925,3.926439,0,0.656306,0.127615,0,0.018231,0.002279,0,0.35322,0,0,0,0,0.002279,0.004558,0.002279,5.013445,0,1.952965,0.002279,0,0.002279,0,4.167996,0,37.685156,0.002279,0,0.002279,0,0
L14,0.002533,0,0,0.083601,0.076001,0,0,0,0,0.002533,0,0.017734,0,0,0,0.002533,0,0,0,0.177336,0.116535,0.002533,0.025334,0.002533,0,0.0152,0,0,0,0.114002,0,0,0.255871,3.622729,0.002533,0,0,0.002533,0.002533,0,0,0,0,0.002533,0,0,0.222937,0,0,0.002533,0,0,0.0076,0.0076,0,0.017734,0.012667,0,0,0.088668,0.063334,0,0,0,0,0.010134,0,0,0,0.093735,0,0.116535,0,0,0,0,0,0.126669,0,0,0,0,0.615611,0,0,0.005067,1.221088,0.002533,0,0.078535,0.005067,0,0,0,0.002533,0,0.038001,0,0,0.070935,0,0,0,0,0,0.114002,0,0,0.017734,0,0,0,0,0,0,0.032934,0.002533,0.020267,0,0.032934,0.0152,0,0,0.0228,0,0.083601,0.005067,1.707496,0.0152,0,0.0076,0.002533,0,0,0,0,0,0,19.735009,0.017734,0,0,0.0076,0.002533,0.306539,0,0,0.002533,0.0076,0,0.040534,2.016568,0,0,0.339473,0.271071,0,0,0.108935,0,0.146936,0.005067,0,0.509209,0,0.010134,0,0,0,2.011502,0,1.102019,0,0.005067,0.002533,0.002533,0.017734,0.002533,6.092772,0.002533,57.799002,0.002533,0.010134,0,0.005067,0
L15,0,0.012662,0,0.020259,0.002532,0,0,0,0,0,0,0.002532,0,0,0,0.045582,0,0,0,0,0.106359,0,0,0,0,0.21525,0,0,0.005065,0.093697,0,0,0.293753,0.888855,0,0.002532,0,0.058244,0,0,0.002532,0,0.010129,0.002532,0,0,1.035731,0,0.012662,0.015194,0,0,0.005065,0,0,0.005065,0.060776,0,0,1.35734,0.035453,0,0,0,0,0.106359,0,0,0,0.04305,0,0.600167,0,0,0,0,0,0.060776,0,0,0,0.022791,0.2583,0,0.002532,0,0.944567,0,0,18.802705,0,0,0,0,0.002532,0,0.017726,0,0,0.050647,0,0,0,0,0,0.270962,0,0.012662,0,0,0,0,0.002532,0,0.002532,0.010129,0.030388,0.025324,0,0.101294,0.020259,0,0,0.025324,0,0.157006,0,0.939502,0.002532,0.002532,0.192459,0.002532,0,0,0.002532,0,0,0,15.905695,0.151941,0,0,0,0,0.306414,0,0,0,0.012662,0,0.093697,2.306972,0,0,0.46342,0.772367,0,0,0.065841,0.005065,0.005065,0,0,0.048115,0,0.002532,0,0,0,0.314011,0,10.253488,0,2.534883,0,0.010129,0.048115,0.017726,1.856213,0,37.742156,0.007597,0.030388,0,0.04305,0
L16,0,0,0,0.029568,0.004928,0,0.004928,0,0,0,0,0.002464,0,0,0,0,0,0,0,0.29814,0.01232,0,0,0,0,0.174941,0,0,0,0.002464,0,0,0.906739,31.358876,0,0,0,0.01232,0.002464,0,0,0,0.01232,0,0,0,0.120734,0,0,0.007392,0,0,0,0,0,0.002464,0.019712,0,0,0.608599,0.066527,0.002464,0,0,0,0.01232,0,0,0,0.071455,0,0.073919,0,0,0,0,0,0.014784,0,0,0.002464,0,0.13059,0,0,0,6.640384,0,0,0.029568,0,0,0,0,0,0.01232,0.019712,0,0,0.064063,0,0,0.002464,0,0,0.073919,0,0.009856,0,0,0,0,0,0,0,0.007392,0.009856,0.022176,0,0.034496,0,0.02464,0,0.064063,0,0.017248,0.002464,0.359739,0.009856,0,0.204509,0,0,0,0,0.002464,0,0,34.771467,0.01232,0,0,0,0,0.068991,0,0.002464,0,0.036959,0,0,3.939879,0,0.229149,0.066527,0.224221,0,0,0.01232,0.004928,0.004928,0,0,0.413946,0,0.002464,0,0,0,0.01232,0,0.374523,0,0,0,0,0.009856,0.004928,1.936676,0,16.272022,0.002464,0,0.029568,0,0
L17,0,0,0,0.020419,0.002269,0.031763,0,0.002269,0,0,0,0.009075,0,0,0,0.011344,0,0,0,0.01815,0.004538,0,0,0.002269,0,0,0,0,0,0,0,0,0.263176,0.013613,0,0,0,0,0,0,0,0,0.004538,0,0,0,0.115707,0,0,0.01815,0,0,0,0,0,0.002269,0.002269,0,0,0.031763,0.002269,0,0,0,0,0,0,0,0,0.002269,0,0.049913,0,0,0,0,0,0.029494,0,0,0,0,0.301745,0,0,0.004538,12.698233,0,0,0.002269,0,0,0,0,0,0,0.022688,0,0,0.002269,0.031763,0.002269,0.002269,0,0,0.52862,0.002269,0,0,0,0,0,0,0,0,0.206457,0.088482,0,0,0.01815,0,0,0,0.006806,0,0.047644,0,0.031763,0.880278,0,0.002269,0,0,0,0,0,0,0,33.906573,0.002269,0,0,0.009075,0,0.165619,0,0,0.004538,0.022688,0,0,1.275041,0,0,0.027225,0.614833,0,0.086213,0.106632,0,0.045375,0,0,0.678358,0,0,0,0,0,0.002269,0,5.581142,0,0.022688,0,0,0.002269,0,3.015178,0,38.906913,0,0.006806,0,0,0
L18,0,0,0,0.002384,0,0.119218,0,0,0,0,0,0,0,0,0,0.009537,0,0,0,0,0.002384,0,0,0,0,0.007153,0,0,0,0.002384,0,0,0.05484,0.004769,0.002384,0,0,0,0,0,0,0,0.071531,0,0,0.002384,0.534096,0,0,0.007153,0,0,0,0,0,0,0.369576,0,0,0.033381,0.016691,0,0,0,0,0.002384,0,0,0,0.021459,0,0.257511,0,0.307582,0,0,0,0,0,0,0,0,0.195517,0,0,0.040534,5.560324,0,0,0.004769,0,0,0,0,0.002384,0,0.088221,0,0,0.009537,0.016691,0,0,0,0,1.895565,0,0,0,0,0,0,0.004769,0,0,0.648546,0.772532,0.007153,0,0.014306,0.014306,0,0,0,0,0.686695,0.007153,0.028612,0,0,0.004769,0.004769,0,0,0.004769,0.002384,0,0,54.03195,0,0,0,0.002384,0,0.216977,0,0,0,0.002384,0,0,1.382928,0,0,0.011922,0.500715,0,0.207439,2.556032,0,0.047687,0.002384,0,0.524559,0,0,0,0.002384,0,0.002384,0.007153,5.734382,0,0.65093,0.007153,0,0.002384,0.004769,6.032427,0,16.220792,0,0,0,0.004769,0
